# (2,3) torus knot, 128x12, generated by torusknot.py
v 0.85000 0.12809 -0.05651
v 0.78000 0.11093 -0.04894
v 0.72876 0.06404 -0.02825
v 0.71000 0.00000 -0.00000
v 0.72876 -0.06404 0.02825
v 0.78000 -0.11093 0.04894
v 0.85000 -0.12809 0.05651
v 0.92000 -0.11093 0.04894
v 0.97124 -0.06404 0.02825
v 0.99000 -0.00000 0.00000
v 0.97124 0.06404 -0.02825
v 0.92000 0.11093 -0.04894
v 0.85231 0.16497 0.02775
v 0.78202 0.14779 0.02379
v 0.72813 0.10083 0.03572
v 0.70507 0.03668 0.06033
v 0.71903 -0.02746 0.09102
v 0.76626 -0.07442 0.11958
v 0.83412 -0.09161 0.13835
v 0.90441 -0.07442 0.14231
v 0.95830 -0.02746 0.13038
v 0.98136 0.03668 0.10577
v 0.96740 0.10083 0.07508
v 0.92016 0.14779 0.04652
v 0.84058 0.20146 0.11194
v 0.77191 0.18419 0.09650
v 0.71696 0.13702 0.09908
v 0.69045 0.07257 0.11898
v 0.69949 0.00813 0.15087
v 0.74165 -0.03905 0.18620
v 0.80564 -0.05632 0.21551
v 0.87431 -0.03905 0.23095
v 0.92926 0.00813 0.22837
v 0.95577 0.07257 0.20847
v 0.94673 0.13702 0.17659
v 0.90457 0.18419 0.14125
v 0.81488 0.23675 0.19352
v 0.74972 0.21935 0.16701
v 0.69546 0.17182 0.15999
v 0.66666 0.10689 0.17435
v 0.67102 0.04196 0.20624
v 0.70737 -0.00557 0.24712
v 0.76598 -0.02297 0.28603
v 0.83114 -0.00557 0.31254
v 0.88540 0.04196 0.31956
v 0.91420 0.10689 0.30520
v 0.90985 0.17182 0.27331
v 0.87349 0.21935 0.23243
v 0.77584 0.27003 0.27000
v 0.71596 0.25246 0.23315
v 0.66423 0.20446 0.21668
v 0.63451 0.13889 0.22498
v 0.63476 0.07332 0.25584
v 0.66492 0.02532 0.30098
v 0.71690 0.00775 0.34832
v 0.77678 0.02532 0.38516
v 0.82852 0.07332 0.40164
v 0.85824 0.13889 0.39333
v 0.85799 0.20446 0.36248
v 0.82783 0.25246 0.31733
v 0.72462 0.30056 0.33905
v 0.67161 0.28279 0.29295
v 0.62421 0.23423 0.26753
v 0.59510 0.16789 0.26961
v 0.59210 0.10155 0.29863
v 0.61601 0.05299 0.34682
v 0.66041 0.03522 0.40126
v 0.71342 0.05299 0.44737
v 0.76083 0.10155 0.47279
v 0.78993 0.16789 0.47071
v 0.79294 0.23423 0.44168
v 0.76903 0.28279 0.39349
v 0.66286 0.32761 0.39869
v 0.61807 0.30961 0.34464
v 0.57668 0.26043 0.31117
v 0.54978 0.19325 0.30725
v 0.54457 0.12608 0.33393
v 0.56246 0.07690 0.38407
v 0.59864 0.05890 0.44422
v 0.64343 0.07690 0.49827
v 0.68482 0.12608 0.53174
v 0.71173 0.19325 0.53566
v 0.71693 0.26043 0.50898
v 0.69904 0.30961 0.45884
v 0.59256 0.35050 0.44732
v 0.55706 0.33227 0.38683
v 0.52319 0.28247 0.34653
v 0.50003 0.21443 0.33721
v 0.49379 0.14640 0.36138
v 0.50613 0.09659 0.41256
v 0.53376 0.07836 0.47703
v 0.56926 0.09659 0.53751
v 0.60313 0.14640 0.57782
v 0.62629 0.21443 0.58713
v 0.63253 0.28247 0.56296
v 0.62019 0.33227 0.51179
v 0.51602 0.36864 0.48384
v 0.49055 0.35020 0.41855
v 0.46544 0.29981 0.37291
v 0.44743 0.23097 0.35917
v 0.44134 0.16213 0.38099
v 0.44880 0.11174 0.43254
v 0.46781 0.09330 0.49999
v 0.49328 0.11174 0.56528
v 0.51838 0.16213 0.61091
v 0.53640 0.23097 0.62466
v 0.54249 0.29981 0.60284
v 0.53503 0.35020 0.55129
v 0.43568 0.38150 0.50769
v 0.42066 0.36288 0.43928
v 0.40525 0.31200 0.39003
v 0.39356 0.24251 0.37313
v 0.38874 0.17301 0.39310
v 0.39207 0.12214 0.44460
v 0.40267 0.10352 0.51383
v 0.41768 0.12214 0.58224
v 0.43310 0.17301 0.63150
v 0.44478 0.24251 0.64840
v 0.44961 0.31200 0.62842
v 0.44627 0.36288 0.57692
v 0.35401 0.38862 0.51890
v 0.34954 0.36989 0.44904
v 0.34437 0.31871 0.39799
v 0.33990 0.24880 0.37943
v 0.33732 0.17889 0.39834
v 0.33732 0.12771 0.44965
v 0.33990 0.10897 0.51961
v 0.34437 0.12771 0.58948
v 0.34954 0.17889 0.64052
v 0.35401 0.24880 0.65908
v 0.35659 0.31871 0.64017
v 0.35659 0.36989 0.58886
v 0.27337 0.38965 0.51805
v 0.27921 0.37090 0.44829
v 0.28448 0.31967 0.39730
v 0.28776 0.24970 0.37874
v 0.28816 0.17972 0.39759
v 0.28560 0.12850 0.44878
v 0.28074 0.10975 0.51862
v 0.27490 0.12850 0.58837
v 0.26963 0.17972 0.63936
v 0.26636 0.24970 0.65792
v 0.26595 0.31967 0.63908
v 0.26851 0.37090 0.58788
v 0.19588 0.38435 0.50628
v 0.21151 0.36571 0.43802
v 0.22699 0.31477 0.38884
v 0.23817 0.24520 0.37194
v 0.24206 0.17562 0.39183
v 0.23761 0.12468 0.44319
v 0.22602 0.10604 0.51225
v 0.21039 0.12468 0.58052
v 0.19491 0.17562 0.62969
v 0.18372 0.24520 0.64660
v 0.17984 0.31477 0.62670
v 0.18428 0.36571 0.57534
v 0.12327 0.37261 0.48522
v 0.14789 0.35423 0.41958
v 0.17299 0.30400 0.37377
v 0.19186 0.23539 0.36006
v 0.19944 0.16677 0.38212
v 0.19370 0.11655 0.43405
v 0.17617 0.09816 0.50192
v 0.15156 0.11655 0.56755
v 0.12645 0.16677 0.61336
v 0.10758 0.23539 0.62707
v 0.10000 0.30400 0.60501
v 0.10575 0.35423 0.55309
v 0.05682 0.35449 0.45693
v 0.08938 0.33654 0.39472
v 0.12320 0.28748 0.35347
v 0.14921 0.22048 0.34420
v 0.16044 0.15348 0.36942
v 0.15389 0.10443 0.42237
v 0.13130 0.08647 0.48885
v 0.09874 0.10443 0.55105
v 0.06493 0.15348 0.59231
v 0.03892 0.22048 0.60157
v 0.02768 0.28748 0.57635
v 0.03424 0.33654 0.52341
v -0.00281 0.33025 0.42378
v 0.03647 0.31291 0.36541
v 0.07782 0.26553 0.32940
v 0.11017 0.20080 0.32541
v 0.12485 0.13608 0.35452
v 0.11792 0.08869 0.40891
v 0.09124 0.07135 0.47402
v 0.05196 0.08869 0.53240
v 0.01061 0.13608 0.56841
v -0.02175 0.20080 0.57239
v -0.03642 0.26553 0.54329
v -0.02949 0.31291 0.48889
v -0.05563 0.30043 0.38837
v -0.01101 0.28386 0.33372
v 0.03656 0.23860 0.30305
v 0.07433 0.17678 0.30459
v 0.09219 0.11495 0.33791
v 0.08535 0.06969 0.39409
v 0.05563 0.05312 0.45808
v 0.01101 0.06969 0.51273
v -0.03656 0.11495 0.54339
v -0.07433 0.17678 0.54186
v -0.09219 0.23860 0.50854
v -0.08535 0.28386 0.45236
v -0.10231 0.26585 0.35327
v -0.05384 0.25019 0.30173
v -0.00142 0.20739 0.27578
v 0.04088 0.14892 0.28239
v 0.06175 0.09046 0.31978
v 0.05559 0.04766 0.37794
v 0.02405 0.03200 0.44128
v -0.02442 0.04766 0.49282
v -0.07683 0.09046 0.51877
v -0.11914 0.14892 0.51216
v -0.14001 0.20739 0.47477
v -0.13385 0.25019 0.41661
v -0.14405 0.22771 0.32094
v -0.09330 0.21299 0.27134
v -0.03739 0.17278 0.24878
v 0.00869 0.11785 0.25929
v 0.03261 0.06292 0.30006
v 0.02795 0.02271 0.36017
v -0.00403 0.00799 0.42351
v -0.05478 0.02271 0.47311
v -0.11069 0.06292 0.49568
v -0.15678 0.11785 0.48517
v -0.18069 0.17278 0.44439
v -0.17604 0.21299 0.38428
v -0.18231 0.18751 0.29338
v -0.13094 0.17367 0.24418
v -0.07284 0.13587 0.22304
v -0.02358 0.08422 0.23563
v 0.00363 0.03258 0.27857
v 0.00152 -0.00523 0.34036
v -0.02937 -0.01907 0.40444
v -0.08075 -0.00523 0.45365
v -0.13885 0.03258 0.47479
v -0.18810 0.08422 0.46220
v -0.21532 0.13587 0.41925
v -0.21320 0.17367 0.35746
v -0.21832 0.14702 0.27180
v -0.16797 0.13385 0.22138
v -0.10899 0.09789 0.19946
v -0.05719 0.04877 0.21194
v -0.02644 -0.00035 0.25546
v -0.02500 -0.03631 0.31836
v -0.05324 -0.04947 0.38379
v -0.10359 -0.03631 0.43422
v -0.16257 -0.00035 0.45613
v -0.21437 0.04877 0.44365
v -0.24511 0.09789 0.40014
v -0.24656 0.13385 0.33723
v -0.25260 0.10797 0.25611
v -0.20469 0.09515 0.20327
v -0.14618 0.06012 0.17874
v -0.09275 0.01227 0.18910
v -0.05871 -0.03558 0.23157
v -0.05319 -0.07061 0.29477
v -0.07766 -0.08343 0.36177
v -0.12557 -0.07061 0.41461
v -0.18408 -0.03558 0.43913
v -0.23751 0.01227 0.42878
v -0.27155 0.06012 0.38631
v -0.27707 0.09515 0.32310
v -0.28509 0.07172 0.24463
v -0.24042 0.05883 0.18904
v -0.18361 0.02361 0.16105
v -0.12988 -0.02450 0.16815
v -0.09363 -0.07262 0.20844
v -0.08458 -0.10784 0.27112
v -0.10514 -0.12073 0.33940
v -0.14982 -0.10784 0.39499
v -0.20663 -0.07262 0.42298
v -0.26036 -0.02450 0.41588
v -0.29661 0.02361 0.37559
v -0.30566 0.05883 0.31291
v -0.31582 0.03894 0.23469
v -0.27423 0.02559 0.17686
v -0.21992 -0.01090 0.14570
v -0.16746 -0.06075 0.14954
v -0.13089 -0.11059 0.18736
v -0.12002 -0.14708 0.24902
v -0.13776 -0.16043 0.31800
v -0.17936 -0.14708 0.37583
v -0.23366 -0.11059 0.40699
v -0.28613 -0.06075 0.40315
v -0.32269 -0.01090 0.36533
v -0.33356 0.02559 0.30367
v -0.34533 0.00969 0.22381
v -0.30583 -0.00443 0.16472
v -0.25430 -0.04299 0.13140
v -0.20456 -0.09567 0.13280
v -0.16992 -0.14835 0.16853
v -0.15967 -0.18692 0.22903
v -0.17656 -0.20103 0.29807
v -0.21606 -0.18692 0.35717
v -0.26758 -0.14835 0.39048
v -0.31733 -0.09567 0.38909
v -0.35197 -0.04299 0.35335
v -0.36221 -0.00443 0.29286
v -0.37450 -0.01632 0.21047
v -0.33572 -0.03135 0.15112
v -0.28684 -0.07242 0.11683
v -0.24097 -0.12853 0.11676
v -0.21039 -0.18463 0.15096
v -0.20330 -0.22570 0.21024
v -0.22160 -0.24073 0.27873
v -0.26038 -0.22570 0.33808
v -0.30925 -0.18463 0.37238
v -0.35512 -0.12853 0.37244
v -0.38570 -0.07242 0.33825
v -0.39279 -0.03135 0.27896
v -0.40417 -0.03936 0.19390
v -0.36473 -0.05533 0.13525
v -0.31817 -0.09898 0.10090
v -0.27698 -0.15860 0.10007
v -0.25220 -0.21822 0.13297
v -0.25046 -0.26187 0.19080
v -0.27223 -0.27784 0.25805
v -0.31167 -0.26187 0.31671
v -0.35822 -0.21822 0.35105
v -0.39941 -0.15860 0.35189
v -0.42420 -0.09898 0.31898
v -0.42594 -0.05533 0.26115
v -0.43491 -0.05953 0.17369
v -0.39362 -0.07637 0.11657
v -0.34897 -0.12238 0.08279
v -0.31293 -0.18524 0.08141
v -0.29515 -0.24809 0.11279
v -0.30039 -0.29410 0.16853
v -0.32726 -0.31095 0.23370
v -0.36855 -0.29410 0.29082
v -0.41320 -0.24809 0.32460
v -0.44925 -0.18524 0.32598
v -0.46703 -0.12238 0.29460
v -0.46178 -0.07637 0.23886
v -0.46696 -0.07675 0.14942
v -0.42291 -0.09432 0.09463
v -0.37968 -0.14231 0.06176
v -0.34887 -0.20787 0.05962
v -0.33873 -0.27343 0.08880
v -0.35197 -0.32142 0.14146
v -0.38505 -0.33898 0.20350
v -0.42911 -0.32142 0.25829
v -0.47233 -0.27343 0.29116
v -0.50314 -0.20787 0.29329
v -0.51329 -0.14231 0.26412
v -0.50004 -0.09432 0.21146
v -0.50019 -0.09077 0.12053
v -0.45271 -0.10888 0.06887
v -0.41036 -0.15838 0.03711
v -0.38450 -0.22600 0.03376
v -0.38205 -0.29361 0.05972
v -0.40367 -0.34311 0.10803
v -0.44357 -0.36123 0.16576
v -0.49105 -0.34311 0.21742
v -0.53339 -0.29361 0.24918
v -0.55926 -0.22600 0.25253
v -0.56170 -0.15838 0.22657
v -0.54008 -0.10888 0.17825
v -0.53409 -0.10123 0.08638
v -0.48276 -0.11972 0.03869
v -0.44068 -0.17023 0.00819
v -0.41913 -0.23924 0.00307
v -0.42389 -0.30824 0.02470
v -0.45367 -0.35875 0.06728
v -0.50050 -0.37724 0.11941
v -0.55183 -0.35875 0.16711
v -0.59391 -0.30824 0.19760
v -0.61546 -0.23924 0.20272
v -0.61070 -0.17023 0.18109
v -0.58092 -0.11972 0.13851
v -0.56777 -0.10776 0.04637
v -0.51240 -0.12645 0.00351
v -0.46995 -0.17753 -0.02549
v -0.45179 -0.24729 -0.03287
v -0.46279 -0.31706 -0.01665
v -0.49999 -0.36814 0.01883
v -0.55344 -0.38683 0.06406
v -0.60881 -0.36814 0.10692
v -0.65126 -0.31706 0.13592
v -0.66942 -0.24729 0.14330
v -0.65842 -0.17753 0.12707
v -0.62122 -0.12645 0.09159
v -0.60000 -0.11000 0.00000
v -0.54064 -0.12876 -0.03710
v -0.49719 -0.18000 -0.06426
v -0.48128 -0.25000 -0.07420
v -0.49719 -0.32000 -0.06426
v -0.54064 -0.37124 -0.03710
v -0.60000 -0.39000 0.00000
v -0.65936 -0.37124 0.03710
v -0.70281 -0.32000 0.06426
v -0.71872 -0.25000 0.07420
v -0.70281 -0.18000 0.06426
v -0.65936 -0.12876 0.03710
v -0.62928 -0.10768 -0.05293
v -0.56621 -0.12639 -0.08334
v -0.52121 -0.17749 -0.10814
v -0.50632 -0.24729 -0.12069
v -0.52555 -0.31710 -0.11762
v -0.57373 -0.36820 -0.09976
v -0.63796 -0.38691 -0.07188
v -0.70102 -0.36820 -0.04147
v -0.74603 -0.31710 -0.01667
v -0.76091 -0.24729 -0.00412
v -0.74169 -0.17749 -0.00719
v -0.69350 -0.12639 -0.02506
v -0.65392 -0.10064 -0.11227
v -0.58768 -0.11921 -0.13508
v -0.54073 -0.16994 -0.15685
v -0.52565 -0.23924 -0.17175
v -0.54646 -0.30853 -0.17579
v -0.59761 -0.35926 -0.16789
v -0.66538 -0.37783 -0.15016
v -0.73161 -0.35926 -0.12735
v -0.77856 -0.30853 -0.10558
v -0.79365 -0.23924 -0.09067
v -0.77283 -0.16994 -0.08663
v -0.72169 -0.11921 -0.09454
v -0.67219 -0.08884 -0.17747
v -0.60357 -0.10721 -0.19183
v -0.55448 -0.15742 -0.20977
v -0.53808 -0.22600 -0.22649
v -0.55875 -0.29458 -0.23750
v -0.61096 -0.34478 -0.23985
v -0.68072 -0.36316 -0.23292
v -0.74933 -0.34478 -0.21857
v -0.79842 -0.29458 -0.20063
v -0.81482 -0.22600 -0.18391
v -0.79415 -0.15742 -0.17290
v -0.74194 -0.10721 -0.17055
v -0.68241 -0.07236 -0.24756
v -0.61245 -0.09052 -0.25274
v -0.56129 -0.14012 -0.26596
v -0.54265 -0.20787 -0.28369
v -0.56152 -0.27562 -0.30116
v -0.61285 -0.32522 -0.31371
v -0.68288 -0.34337 -0.31796
v -0.75285 -0.32522 -0.31278
v -0.80401 -0.27562 -0.29956
v -0.82264 -0.20787 -0.28184
v -0.80377 -0.14012 -0.26436
v -0.75244 -0.09052 -0.25181
v -0.68313 -0.05145 -0.32115
v -0.61306 -0.06938 -0.31660
v -0.56018 -0.11835 -0.32420
v -0.53866 -0.18524 -0.34193
v -0.55427 -0.25213 -0.36504
v -0.60282 -0.30110 -0.38732
v -0.67131 -0.31902 -0.40281
v -0.74138 -0.30110 -0.40737
v -0.79426 -0.25213 -0.39976
v -0.81578 -0.18524 -0.38203
v -0.80017 -0.11835 -0.35893
v -0.75161 -0.06938 -0.33664
v -0.67313 -0.02646 -0.39649
v -0.60439 -0.04416 -0.38188
v -0.55044 -0.09253 -0.38304
v -0.52572 -0.15860 -0.39964
v -0.53687 -0.22467 -0.42726
v -0.58090 -0.27303 -0.45847
v -0.64600 -0.29074 -0.48493
v -0.71474 -0.27303 -0.49953
v -0.76869 -0.22467 -0.49838
v -0.79341 -0.15860 -0.48177
v -0.78226 -0.09253 -0.45416
v -0.73824 -0.04416 -0.42294
v -0.65163 0.00216 -0.47155
v -0.58579 -0.01535 -0.44685
v -0.53168 -0.06318 -0.44085
v -0.50379 -0.12853 -0.45517
v -0.50961 -0.19387 -0.48597
v -0.54757 -0.24170 -0.52499
v -0.60750 -0.25921 -0.56179
v -0.67334 -0.24170 -0.58649
v -0.72745 -0.19387 -0.59249
v -0.75533 -0.12853 -0.57817
v -0.74952 -0.06318 -0.54737
v -0.71156 -0.01535 -0.50835
v -0.61825 0.03383 -0.54411
v -0.55695 0.01648 -0.50958
v -0.50385 -0.03092 -0.49596
v -0.47319 -0.09567 -0.50688
v -0.47318 -0.16042 -0.53943
v -0.50383 -0.20782 -0.58488
v -0.55691 -0.22517 -0.63106
v -0.61822 -0.20782 -0.66559
v -0.67132 -0.16042 -0.67921
v -0.70198 -0.09567 -0.66829
v -0.70199 -0.03092 -0.63574
v -0.67134 0.01648 -0.59029
v -0.57316 0.06790 -0.61185
v -0.51801 0.05067 -0.56811
v -0.46727 0.00358 -0.54665
v -0.43454 -0.06075 -0.55322
v -0.42860 -0.12507 -0.58607
v -0.45102 -0.17216 -0.63638
v -0.49581 -0.18939 -0.69069
v -0.55096 -0.17216 -0.73443
v -0.60169 -0.12507 -0.75589
v -0.63442 -0.06075 -0.74931
v -0.64037 0.00358 -0.71647
v -0.61794 0.05067 -0.66615
v -0.51698 0.10367 -0.67247
v -0.46953 0.08650 -0.62046
v -0.42262 0.03959 -0.59131
v -0.38882 -0.02450 -0.59282
v -0.37720 -0.08859 -0.62459
v -0.39086 -0.13551 -0.67810
v -0.42615 -0.15268 -0.73903
v -0.47360 -0.13551 -0.79103
v -0.52051 -0.08859 -0.82019
v -0.55431 -0.02450 -0.81868
v -0.56593 0.03959 -0.78691
v -0.55227 0.08650 -0.73340
v -0.45090 0.14038 -0.72384
v -0.41250 0.12321 -0.66482
v -0.37090 0.07632 -0.62846
v -0.33724 0.01227 -0.62450
v -0.32054 -0.05179 -0.65399
v -0.32528 -0.09868 -0.70904
v -0.35019 -0.11584 -0.77490
v -0.38859 -0.09868 -0.83391
v -0.43019 -0.05179 -0.87027
v -0.46385 0.01227 -0.87424
v -0.48055 0.07632 -0.84474
v -0.47581 0.12321 -0.78969
v -0.37654 0.17722 -0.76407
v -0.34831 0.16001 -0.69957
v -0.31342 0.11300 -0.65686
v -0.28122 0.04877 -0.64738
v -0.26033 -0.01545 -0.67366
v -0.25635 -0.06247 -0.72866
v -0.27035 -0.07968 -0.79765
v -0.29857 -0.06247 -0.86214
v -0.33346 -0.01545 -0.90486
v -0.36566 0.04877 -0.91434
v -0.38656 0.11300 -0.88806
v -0.39053 0.16001 -0.83306
v -0.29592 0.21340 -0.79164
v -0.27869 0.19609 -0.72341
v -0.25176 0.14881 -0.67555
v -0.22235 0.08422 -0.66087
v -0.19834 0.01964 -0.68332
v -0.18616 -0.02765 -0.73687
v -0.18908 -0.04495 -0.80718
v -0.20631 -0.02765 -0.87541
v -0.23324 0.01964 -0.92328
v -0.26265 0.08422 -0.93796
v -0.28666 0.14881 -0.91551
v -0.29884 0.19609 -0.86196
v -0.21139 0.24810 -0.80553
v -0.20562 0.23065 -0.73543
v -0.18765 0.18298 -0.68389
v -0.16229 0.11785 -0.66473
v -0.13633 0.05272 -0.68308
v -0.11673 0.00505 -0.73402
v -0.10875 -0.01240 -0.80390
v -0.11451 0.00505 -0.87400
v -0.13249 0.05272 -0.92554
v -0.15785 0.11785 -0.94470
v -0.18380 0.18298 -0.92635
v -0.20340 0.23065 -0.87541
v -0.12546 0.28055 -0.80520
v -0.13128 0.26292 -0.73515
v -0.12295 0.21474 -0.68165
v -0.10271 0.14892 -0.65906
v -0.07598 0.08311 -0.67341
v -0.04993 0.03493 -0.72086
v -0.03152 0.01730 -0.78870
v -0.02571 0.03493 -0.85875
v -0.03403 0.08311 -0.91224
v -0.05427 0.14892 -0.93484
v -0.08100 0.21474 -0.92049
v -0.10706 0.26292 -0.87303
v -0.04073 0.31000 -0.79068
v -0.05789 0.29215 -0.72257
v -0.05953 0.24339 -0.66899
v -0.04523 0.17678 -0.64428
v -0.01880 0.11017 -0.65508
v 0.01266 0.06140 -0.69849
v 0.04073 0.04356 -0.76287
v 0.05789 0.06140 -0.83098
v 0.05953 0.11017 -0.88457
v 0.04523 0.17678 -0.90927
v 0.01880 0.24339 -0.89847
v -0.01266 0.29215 -0.85506
v 0.04030 0.33573 -0.76258
v 0.01237 0.31765 -0.69820
v 0.00080 0.26827 -0.64644
v 0.00869 0.20080 -0.62118
v 0.03391 0.13334 -0.62918
v 0.06972 0.08395 -0.66830
v 0.10652 0.06587 -0.72806
v 0.13444 0.08395 -0.79244
v 0.14601 0.13334 -0.84420
v 0.13813 0.20080 -0.86946
v 0.11290 0.26827 -0.86146
v 0.07709 0.31765 -0.82234
v 0.11532 0.35710 -0.72201
v 0.07750 0.33880 -0.66296
v 0.05644 0.28879 -0.61493
v 0.05778 0.22048 -0.59077
v 0.08117 0.15217 -0.59697
v 0.12033 0.10216 -0.63187
v 0.16477 0.08386 -0.68610
v 0.20259 0.10216 -0.74515
v 0.22365 0.15217 -0.79318
v 0.22231 0.22048 -0.81734
v 0.19892 0.28879 -0.81114
v 0.15976 0.33880 -0.77625
v 0.18236 0.37354 -0.67055
v 0.13576 0.35503 -0.61823
v 0.10601 0.30446 -0.57569
v 0.10107 0.23539 -0.55434
v 0.12227 0.16631 -0.55990
v 0.16392 0.11574 -0.59087
v 0.21488 0.09723 -0.63897
v 0.26148 0.11574 -0.69129
v 0.29123 0.16631 -0.73383
v 0.29617 0.23539 -0.75518
v 0.27497 0.30446 -0.74962
v 0.23331 0.35503 -0.71865
v 0.23987 0.38453 -0.61017
v 0.18580 0.36586 -0.56567
v 0.14847 0.31486 -0.53021
v 0.13788 0.24520 -0.51329
v 0.15687 0.17553 -0.51944
v 0.20036 0.12453 -0.54700
v 0.25668 0.10587 -0.58861
v 0.31075 0.12453 -0.63310
v 0.34808 0.17553 -0.66856
v 0.35867 0.24520 -0.68549
v 0.33968 0.31486 -0.67934
v 0.29619 0.36586 -0.65177
v 0.28680 0.38965 -0.54307
v 0.22668 0.37090 -0.50721
v 0.18316 0.31968 -0.48013
v 0.16789 0.24970 -0.46909
v 0.18498 0.17972 -0.47704
v 0.22983 0.12850 -0.50185
v 0.29044 0.10974 -0.53688
v 0.35056 0.12850 -0.57273
v 0.39408 0.17972 -0.59981
v 0.40935 0.24970 -0.61086
v 0.39227 0.31968 -0.60291
v 0.34741 0.37090 -0.57809
v 0.32269 0.38860 -0.47163
v 0.25800 0.36987 -0.44487
v 0.20984 0.31870 -0.42713
v 0.19113 0.24880 -0.42316
v 0.20688 0.17890 -0.43401
v 0.25287 0.12773 -0.45679
v 0.31677 0.10900 -0.48539
v 0.38146 0.12773 -0.51214
v 0.42961 0.17890 -0.52988
v 0.44832 0.24880 -0.53386
v 0.43258 0.31870 -0.52300
v 0.38659 0.36987 -0.50022
v 0.34766 0.38115 -0.39824
v 0.27984 0.36258 -0.38071
v 0.22870 0.31183 -0.37286
v 0.20795 0.24251 -0.37680
v 0.22315 0.17318 -0.39147
v 0.27021 0.12244 -0.41294
v 0.33654 0.10386 -0.43546
v 0.40436 0.12244 -0.45299
v 0.45550 0.17318 -0.46084
v 0.47625 0.24251 -0.45690
v 0.46105 0.31183 -0.44223
v 0.41399 0.36258 -0.42076
v 0.36245 0.36727 -0.32518
v 0.29284 0.34901 -0.31662
v 0.24032 0.29912 -0.31878
v 0.21896 0.23097 -0.33107
v 0.23449 0.16282 -0.35021
v 0.28274 0.11293 -0.37106
v 0.35078 0.09467 -0.38805
v 0.42039 0.11293 -0.39661
v 0.47291 0.16282 -0.39445
v 0.49426 0.23097 -0.38216
v 0.47874 0.29912 -0.36302
v 0.43049 0.34901 -0.34217
v 0.36842 0.34707 -0.25447
v 0.29816 0.32930 -0.25426
v 0.24567 0.28075 -0.26607
v 0.22500 0.21443 -0.28672
v 0.24171 0.14811 -0.31069
v 0.29130 0.09956 -0.33156
v 0.36049 0.08179 -0.34373
v 0.43075 0.09956 -0.34394
v 0.48324 0.14811 -0.33213
v 0.50391 0.21443 -0.31148
v 0.48720 0.28075 -0.28751
v 0.43761 0.32930 -0.26664
v 0.36747 0.32090 -0.18773
v 0.29741 0.30380 -0.19487
v 0.24600 0.25708 -0.21551
v 0.22702 0.19325 -0.24411
v 0.24554 0.12943 -0.27302
v 0.29662 0.08271 -0.29447
v 0.36655 0.06561 -0.30273
v 0.43661 0.08271 -0.29559
v 0.48802 0.12943 -0.27495
v 0.50701 0.19325 -0.24634
v 0.48848 0.25708 -0.21744
v 0.43741 0.30380 -0.19599
v 0.36198 0.28938 -0.12605
v 0.29259 0.27310 -0.13919
v 0.24282 0.22864 -0.16743
v 0.22600 0.16789 -0.20319
v 0.24663 0.10714 -0.23689
v 0.29919 0.06268 -0.25951
v 0.36960 0.04640 -0.26498
v 0.43898 0.06268 -0.25184
v 0.48875 0.10714 -0.22361
v 0.50558 0.16789 -0.18785
v 0.48494 0.22864 -0.15414
v 0.43238 0.27310 -0.13152
v 0.35460 0.25347 -0.06998
v 0.28595 0.23812 -0.08739
v 0.23775 0.19618 -0.12160
v 0.22292 0.13889 -0.16344
v 0.24544 0.08161 -0.20169
v 0.29926 0.03967 -0.22610
v 0.36997 0.02432 -0.23015
v 0.43862 0.03967 -0.21273
v 0.48681 0.08161 -0.17852
v 0.50164 0.13889 -0.13669
v 0.47913 0.19618 -0.09844
v 0.42531 0.23812 -0.07402
v 0.34802 0.21445 -0.01950
v 0.27977 0.20004 -0.03915
v 0.23245 0.16067 -0.07740
v 0.21875 0.10689 -0.12400
v 0.24233 0.05311 -0.16647
v 0.29688 0.01373 -0.19342
v 0.36778 -0.00068 -0.19763
v 0.43603 0.01373 -0.17798
v 0.48334 0.05311 -0.13973
v 0.49704 0.10689 -0.09313
v 0.47346 0.16067 -0.05067
v 0.41892 0.20004 -0.02372
v 0.34451 0.17396 0.02571
v 0.27609 0.16037 0.00608
v 0.22850 0.12326 -0.03404
v 0.21449 0.07257 -0.08390
v 0.23782 0.02188 -0.13014
v 0.29223 -0.01523 -0.16036
v 0.36315 -0.02881 -0.16648
v 0.43158 -0.01523 -0.14684
v 0.47917 0.02188 -0.10672
v 0.49318 0.07257 -0.05686
v 0.46985 0.12326 -0.01063
v 0.41543 0.16037 0.01960
v 0.34530 0.13376 0.06614
v 0.27618 0.12075 0.04869
v 0.22711 0.08522 0.00893
v 0.21123 0.03668 -0.04249
v 0.23281 -0.01186 -0.09179
v 0.28606 -0.04739 -0.12575
v 0.35671 -0.06039 -0.13529
v 0.42584 -0.04739 -0.11783
v 0.47491 -0.01186 -0.07807
v 0.49078 0.03668 -0.02665
v 0.46920 0.08522 0.02264
v 0.41596 0.12075 0.05661
v 0.35000 0.09552 0.10235
v 0.28000 0.08273 0.08864
v 0.22876 0.04776 0.05117
v 0.21000 0.00000 -0.00000
v 0.22876 -0.04776 -0.05117
v 0.28000 -0.08273 -0.08864
v 0.35000 -0.09552 -0.10235
v 0.42000 -0.08273 -0.08864
v 0.47124 -0.04776 -0.05117
v 0.49000 0.00000 -0.00000
v 0.47124 0.04776 0.05117
v 0.42000 0.08273 0.08864
v 0.35671 0.06039 0.13529
v 0.28606 0.04739 0.12575
v 0.23281 0.01186 0.09179
v 0.21123 -0.03668 0.04249
v 0.22711 -0.08522 -0.00893
v 0.27618 -0.12075 -0.04869
v 0.34530 -0.13376 -0.06614
v 0.41596 -0.12075 -0.05661
v 0.46920 -0.08522 -0.02264
v 0.49078 -0.03668 0.02665
v 0.47491 0.01186 0.07807
v 0.42584 0.04739 0.11783
v 0.36315 0.02881 0.16648
v 0.29223 0.01523 0.16036
v 0.23782 -0.02188 0.13014
v 0.21449 -0.07257 0.08390
v 0.22850 -0.12326 0.03404
v 0.27609 -0.16037 -0.00608
v 0.34451 -0.17396 -0.02571
v 0.41543 -0.16037 -0.01960
v 0.46985 -0.12326 0.01063
v 0.49318 -0.07257 0.05686
v 0.47917 -0.02188 0.10672
v 0.43158 0.01523 0.14684
v 0.36778 0.00068 0.19763
v 0.29688 -0.01373 0.19342
v 0.24233 -0.05311 0.16647
v 0.21875 -0.10689 0.12400
v 0.23245 -0.16067 0.07740
v 0.27977 -0.20004 0.03915
v 0.34802 -0.21445 0.01950
v 0.41892 -0.20004 0.02372
v 0.47346 -0.16067 0.05067
v 0.49704 -0.10689 0.09313
v 0.48334 -0.05311 0.13973
v 0.43603 -0.01373 0.17798
v 0.36997 -0.02432 0.23015
v 0.29926 -0.03967 0.22610
v 0.24544 -0.08161 0.20169
v 0.22292 -0.13889 0.16344
v 0.23775 -0.19618 0.12160
v 0.28595 -0.23812 0.08739
v 0.35460 -0.25347 0.06998
v 0.42531 -0.23812 0.07402
v 0.47913 -0.19618 0.09844
v 0.50164 -0.13889 0.13669
v 0.48681 -0.08161 0.17852
v 0.43862 -0.03967 0.21273
v 0.36960 -0.04640 0.26498
v 0.29919 -0.06268 0.25951
v 0.24663 -0.10714 0.23689
v 0.22600 -0.16789 0.20319
v 0.24282 -0.22864 0.16743
v 0.29259 -0.27310 0.13919
v 0.36198 -0.28938 0.12605
v 0.43238 -0.27310 0.13152
v 0.48494 -0.22864 0.15414
v 0.50558 -0.16789 0.18785
v 0.48875 -0.10714 0.22361
v 0.43898 -0.06268 0.25184
v 0.36655 -0.06561 0.30273
v 0.29662 -0.08271 0.29447
v 0.24554 -0.12943 0.27302
v 0.22702 -0.19325 0.24411
v 0.24600 -0.25708 0.21551
v 0.29741 -0.30380 0.19487
v 0.36747 -0.32090 0.18773
v 0.43741 -0.30380 0.19599
v 0.48848 -0.25708 0.21744
v 0.50701 -0.19325 0.24634
v 0.48802 -0.12943 0.27495
v 0.43661 -0.08271 0.29559
v 0.36049 -0.08179 0.34373
v 0.29130 -0.09956 0.33156
v 0.24171 -0.14811 0.31069
v 0.22500 -0.21443 0.28672
v 0.24567 -0.28075 0.26607
v 0.29816 -0.32930 0.25426
v 0.36842 -0.34707 0.25447
v 0.43761 -0.32930 0.26664
v 0.48720 -0.28075 0.28751
v 0.50391 -0.21443 0.31148
v 0.48324 -0.14811 0.33213
v 0.43075 -0.09956 0.34394
v 0.35078 -0.09467 0.38805
v 0.28274 -0.11293 0.37106
v 0.23449 -0.16282 0.35021
v 0.21896 -0.23097 0.33107
v 0.24032 -0.29912 0.31878
v 0.29284 -0.34901 0.31662
v 0.36245 -0.36727 0.32518
v 0.43049 -0.34901 0.34217
v 0.47874 -0.29912 0.36302
v 0.49426 -0.23097 0.38216
v 0.47291 -0.16282 0.39445
v 0.42039 -0.11293 0.39661
v 0.33654 -0.10386 0.43546
v 0.27021 -0.12244 0.41294
v 0.22315 -0.17318 0.39147
v 0.20795 -0.24251 0.37680
v 0.22870 -0.31183 0.37286
v 0.27984 -0.36258 0.38071
v 0.34766 -0.38115 0.39824
v 0.41399 -0.36258 0.42076
v 0.46105 -0.31183 0.44223
v 0.47625 -0.24251 0.45690
v 0.45550 -0.17318 0.46084
v 0.40436 -0.12244 0.45299
v 0.31677 -0.10900 0.48539
v 0.25287 -0.12773 0.45679
v 0.20688 -0.17890 0.43401
v 0.19113 -0.24880 0.42316
v 0.20984 -0.31870 0.42713
v 0.25800 -0.36987 0.44487
v 0.32269 -0.38860 0.47163
v 0.38659 -0.36987 0.50022
v 0.43258 -0.31870 0.52300
v 0.44832 -0.24880 0.53386
v 0.42961 -0.17890 0.52988
v 0.38146 -0.12773 0.51214
v 0.29044 -0.10974 0.53688
v 0.22983 -0.12850 0.50185
v 0.18498 -0.17972 0.47704
v 0.16789 -0.24970 0.46909
v 0.18316 -0.31968 0.48013
v 0.22668 -0.37090 0.50721
v 0.28680 -0.38965 0.54307
v 0.34741 -0.37090 0.57809
v 0.39227 -0.31968 0.60291
v 0.40935 -0.24970 0.61086
v 0.39408 -0.17972 0.59981
v 0.35056 -0.12850 0.57273
v 0.25668 -0.10587 0.58861
v 0.20036 -0.12453 0.54700
v 0.15687 -0.17553 0.51944
v 0.13788 -0.24520 0.51329
v 0.14847 -0.31486 0.53021
v 0.18580 -0.36586 0.56567
v 0.23987 -0.38453 0.61017
v 0.29619 -0.36586 0.65177
v 0.33968 -0.31486 0.67934
v 0.35867 -0.24520 0.68549
v 0.34808 -0.17553 0.66856
v 0.31075 -0.12453 0.63310
v 0.21488 -0.09723 0.63897
v 0.16392 -0.11574 0.59087
v 0.12227 -0.16631 0.55990
v 0.10107 -0.23539 0.55434
v 0.10601 -0.30446 0.57569
v 0.13576 -0.35503 0.61823
v 0.18236 -0.37354 0.67055
v 0.23331 -0.35503 0.71865
v 0.27497 -0.30446 0.74962
v 0.29617 -0.23539 0.75518
v 0.29123 -0.16631 0.73383
v 0.26148 -0.11574 0.69129
v 0.16477 -0.08386 0.68610
v 0.12033 -0.10216 0.63187
v 0.08117 -0.15217 0.59697
v 0.05778 -0.22048 0.59077
v 0.05644 -0.28879 0.61493
v 0.07750 -0.33880 0.66296
v 0.11532 -0.35710 0.72201
v 0.15976 -0.33880 0.77625
v 0.19892 -0.28879 0.81114
v 0.22231 -0.22048 0.81734
v 0.22365 -0.15217 0.79318
v 0.20259 -0.10216 0.74515
v 0.10652 -0.06587 0.72806
v 0.06972 -0.08395 0.66830
v 0.03391 -0.13334 0.62918
v 0.00869 -0.20080 0.62118
v 0.00080 -0.26827 0.64644
v 0.01237 -0.31765 0.69820
v 0.04030 -0.33573 0.76258
v 0.07709 -0.31765 0.82234
v 0.11290 -0.26827 0.86146
v 0.13813 -0.20080 0.86946
v 0.14601 -0.13334 0.84420
v 0.13444 -0.08395 0.79244
v 0.04073 -0.04356 0.76287
v 0.01266 -0.06140 0.69849
v -0.01880 -0.11017 0.65508
v -0.04523 -0.17678 0.64428
v -0.05953 -0.24339 0.66899
v -0.05789 -0.29215 0.72257
v -0.04073 -0.31000 0.79068
v -0.01266 -0.29215 0.85506
v 0.01880 -0.24339 0.89847
v 0.04523 -0.17678 0.90927
v 0.05953 -0.11017 0.88457
v 0.05789 -0.06140 0.83098
v -0.03152 -0.01730 0.78870
v -0.04993 -0.03493 0.72086
v -0.07598 -0.08311 0.67341
v -0.10271 -0.14892 0.65906
v -0.12295 -0.21474 0.68165
v -0.13128 -0.26292 0.73515
v -0.12546 -0.28055 0.80520
v -0.10706 -0.26292 0.87303
v -0.08100 -0.21474 0.92049
v -0.05427 -0.14892 0.93484
v -0.03403 -0.08311 0.91224
v -0.02571 -0.03493 0.85875
v -0.10875 0.01240 0.80390
v -0.11673 -0.00505 0.73402
v -0.13633 -0.05272 0.68308
v -0.16229 -0.11785 0.66473
v -0.18765 -0.18298 0.68389
v -0.20562 -0.23065 0.73543
v -0.21139 -0.24810 0.80553
v -0.20340 -0.23065 0.87541
v -0.18380 -0.18298 0.92635
v -0.15785 -0.11785 0.94470
v -0.13249 -0.05272 0.92554
v -0.11451 -0.00505 0.87400
v -0.18908 0.04495 0.80718
v -0.18616 0.02765 0.73687
v -0.19834 -0.01964 0.68332
v -0.22235 -0.08422 0.66087
v -0.25176 -0.14881 0.67555
v -0.27869 -0.19609 0.72341
v -0.29592 -0.21340 0.79164
v -0.29884 -0.19609 0.86196
v -0.28666 -0.14881 0.91551
v -0.26265 -0.08422 0.93796
v -0.23324 -0.01964 0.92328
v -0.20631 0.02765 0.87541
v -0.27035 0.07968 0.79765
v -0.25635 0.06247 0.72866
v -0.26033 0.01545 0.67366
v -0.28122 -0.04877 0.64738
v -0.31342 -0.11300 0.65686
v -0.34831 -0.16001 0.69957
v -0.37654 -0.17722 0.76407
v -0.39053 -0.16001 0.83306
v -0.38656 -0.11300 0.88806
v -0.36566 -0.04877 0.91434
v -0.33346 0.01545 0.90486
v -0.29857 0.06247 0.86214
v -0.35019 0.11584 0.77490
v -0.32528 0.09868 0.70904
v -0.32054 0.05179 0.65399
v -0.33724 -0.01227 0.62450
v -0.37090 -0.07632 0.62846
v -0.41250 -0.12321 0.66482
v -0.45090 -0.14038 0.72384
v -0.47581 -0.12321 0.78969
v -0.48055 -0.07632 0.84474
v -0.46385 -0.01227 0.87424
v -0.43019 0.05179 0.87027
v -0.38859 0.09868 0.83391
v -0.42615 0.15268 0.73903
v -0.39086 0.13551 0.67810
v -0.37720 0.08859 0.62459
v -0.38882 0.02450 0.59282
v -0.42262 -0.03959 0.59131
v -0.46953 -0.08650 0.62046
v -0.51698 -0.10367 0.67247
v -0.55227 -0.08650 0.73340
v -0.56593 -0.03959 0.78691
v -0.55431 0.02450 0.81868
v -0.52051 0.08859 0.82019
v -0.47360 0.13551 0.79103
v -0.49581 0.18939 0.69069
v -0.45102 0.17216 0.63638
v -0.42860 0.12507 0.58607
v -0.43454 0.06075 0.55322
v -0.46727 -0.00358 0.54665
v -0.51801 -0.05067 0.56811
v -0.57316 -0.06790 0.61185
v -0.61794 -0.05067 0.66615
v -0.64037 -0.00358 0.71647
v -0.63442 0.06075 0.74931
v -0.60169 0.12507 0.75589
v -0.55096 0.17216 0.73443
v -0.55691 0.22517 0.63106
v -0.50383 0.20782 0.58488
v -0.47318 0.16042 0.53943
v -0.47319 0.09567 0.50688
v -0.50385 0.03092 0.49596
v -0.55695 -0.01648 0.50958
v -0.61825 -0.03383 0.54411
v -0.67134 -0.01648 0.59029
v -0.70199 0.03092 0.63574
v -0.70198 0.09567 0.66829
v -0.67132 0.16042 0.67921
v -0.61822 0.20782 0.66559
v -0.60750 0.25921 0.56179
v -0.54757 0.24170 0.52499
v -0.50961 0.19387 0.48597
v -0.50379 0.12853 0.45517
v -0.53168 0.06318 0.44085
v -0.58579 0.01535 0.44685
v -0.65163 -0.00216 0.47155
v -0.71156 0.01535 0.50835
v -0.74952 0.06318 0.54737
v -0.75533 0.12853 0.57817
v -0.72745 0.19387 0.59249
v -0.67334 0.24170 0.58649
v -0.64600 0.29074 0.48493
v -0.58090 0.27303 0.45847
v -0.53687 0.22467 0.42726
v -0.52572 0.15860 0.39964
v -0.55044 0.09253 0.38304
v -0.60439 0.04416 0.38188
v -0.67313 0.02646 0.39649
v -0.73824 0.04416 0.42294
v -0.78226 0.09253 0.45416
v -0.79341 0.15860 0.48177
v -0.76869 0.22467 0.49838
v -0.71474 0.27303 0.49953
v -0.67131 0.31902 0.40281
v -0.60282 0.30110 0.38732
v -0.55427 0.25213 0.36504
v -0.53866 0.18524 0.34193
v -0.56018 0.11835 0.32420
v -0.61306 0.06938 0.31660
v -0.68313 0.05145 0.32115
v -0.75161 0.06938 0.33664
v -0.80017 0.11835 0.35893
v -0.81578 0.18524 0.38203
v -0.79426 0.25213 0.39976
v -0.74138 0.30110 0.40737
v -0.68288 0.34337 0.31796
v -0.61285 0.32522 0.31371
v -0.56152 0.27562 0.30116
v -0.54265 0.20787 0.28369
v -0.56129 0.14012 0.26596
v -0.61245 0.09052 0.25274
v -0.68241 0.07236 0.24756
v -0.75244 0.09052 0.25181
v -0.80377 0.14012 0.26436
v -0.82264 0.20787 0.28184
v -0.80401 0.27562 0.29956
v -0.75285 0.32522 0.31278
v -0.68072 0.36316 0.23292
v -0.61096 0.34478 0.23985
v -0.55875 0.29458 0.23750
v -0.53808 0.22600 0.22649
v -0.55448 0.15742 0.20977
v -0.60357 0.10721 0.19183
v -0.67219 0.08884 0.17747
v -0.74194 0.10721 0.17055
v -0.79415 0.15742 0.17290
v -0.81482 0.22600 0.18391
v -0.79842 0.29458 0.20063
v -0.74933 0.34478 0.21857
v -0.66538 0.37783 0.15016
v -0.59761 0.35926 0.16789
v -0.54646 0.30853 0.17579
v -0.52565 0.23924 0.17175
v -0.54073 0.16994 0.15685
v -0.58768 0.11921 0.13508
v -0.65392 0.10064 0.11227
v -0.72169 0.11921 0.09454
v -0.77283 0.16994 0.08663
v -0.79365 0.23924 0.09067
v -0.77856 0.30853 0.10558
v -0.73161 0.35926 0.12735
v -0.63796 0.38691 0.07188
v -0.57373 0.36820 0.09976
v -0.52555 0.31710 0.11762
v -0.50632 0.24729 0.12069
v -0.52121 0.17749 0.10814
v -0.56621 0.12639 0.08334
v -0.62928 0.10768 0.05293
v -0.69350 0.12639 0.02506
v -0.74169 0.17749 0.00719
v -0.76091 0.24729 0.00412
v -0.74603 0.31710 0.01667
v -0.70102 0.36820 0.04147
v -0.60000 0.39000 0.00000
v -0.54064 0.37124 0.03710
v -0.49719 0.32000 0.06426
v -0.48128 0.25000 0.07420
v -0.49719 0.18000 0.06426
v -0.54064 0.12876 0.03710
v -0.60000 0.11000 0.00000
v -0.65936 0.12876 -0.03710
v -0.70281 0.18000 -0.06426
v -0.71872 0.25000 -0.07420
v -0.70281 0.32000 -0.06426
v -0.65936 0.37124 -0.03710
v -0.55344 0.38683 -0.06406
v -0.49999 0.36814 -0.01883
v -0.46279 0.31706 0.01665
v -0.45179 0.24729 0.03287
v -0.46995 0.17753 0.02549
v -0.51240 0.12645 -0.00351
v -0.56777 0.10776 -0.04637
v -0.62122 0.12645 -0.09159
v -0.65842 0.17753 -0.12707
v -0.66942 0.24729 -0.14330
v -0.65126 0.31706 -0.13592
v -0.60881 0.36814 -0.10692
v -0.50050 0.37724 -0.11941
v -0.45367 0.35875 -0.06728
v -0.42389 0.30824 -0.02470
v -0.41913 0.23924 -0.00307
v -0.44068 0.17023 -0.00819
v -0.48276 0.11972 -0.03869
v -0.53409 0.10123 -0.08638
v -0.58092 0.11972 -0.13851
v -0.61070 0.17023 -0.18109
v -0.61546 0.23924 -0.20272
v -0.59391 0.30824 -0.19760
v -0.55183 0.35875 -0.16711
v -0.44357 0.36123 -0.16576
v -0.40367 0.34311 -0.10803
v -0.38205 0.29361 -0.05972
v -0.38450 0.22600 -0.03376
v -0.41036 0.15838 -0.03711
v -0.45271 0.10888 -0.06887
v -0.50019 0.09077 -0.12053
v -0.54008 0.10888 -0.17825
v -0.56170 0.15838 -0.22657
v -0.55926 0.22600 -0.25253
v -0.53339 0.29361 -0.24918
v -0.49105 0.34311 -0.21742
v -0.38505 0.33898 -0.20350
v -0.35197 0.32142 -0.14146
v -0.33873 0.27343 -0.08880
v -0.34887 0.20787 -0.05962
v -0.37968 0.14231 -0.06176
v -0.42291 0.09432 -0.09463
v -0.46696 0.07675 -0.14942
v -0.50004 0.09432 -0.21146
v -0.51329 0.14231 -0.26412
v -0.50314 0.20787 -0.29329
v -0.47233 0.27343 -0.29116
v -0.42911 0.32142 -0.25829
v -0.32726 0.31095 -0.23370
v -0.30039 0.29410 -0.16853
v -0.29515 0.24809 -0.11279
v -0.31293 0.18524 -0.08141
v -0.34897 0.12238 -0.08279
v -0.39362 0.07637 -0.11657
v -0.43491 0.05953 -0.17369
v -0.46178 0.07637 -0.23886
v -0.46703 0.12238 -0.29460
v -0.44925 0.18524 -0.32598
v -0.41320 0.24809 -0.32460
v -0.36855 0.29410 -0.29082
v -0.27223 0.27784 -0.25805
v -0.25046 0.26187 -0.19080
v -0.25220 0.21822 -0.13297
v -0.27698 0.15860 -0.10007
v -0.31817 0.09898 -0.10090
v -0.36473 0.05533 -0.13525
v -0.40417 0.03936 -0.19390
v -0.42594 0.05533 -0.26115
v -0.42420 0.09898 -0.31898
v -0.39941 0.15860 -0.35189
v -0.35822 0.21822 -0.35105
v -0.31167 0.26187 -0.31671
v -0.22160 0.24073 -0.27873
v -0.20330 0.22570 -0.21024
v -0.21039 0.18463 -0.15096
v -0.24097 0.12853 -0.11676
v -0.28684 0.07242 -0.11683
v -0.33572 0.03135 -0.15112
v -0.37450 0.01632 -0.21047
v -0.39279 0.03135 -0.27896
v -0.38570 0.07242 -0.33825
v -0.35512 0.12853 -0.37244
v -0.30925 0.18463 -0.37238
v -0.26038 0.22570 -0.33808
v -0.17656 0.20103 -0.29807
v -0.15967 0.18692 -0.22903
v -0.16992 0.14835 -0.16853
v -0.20456 0.09567 -0.13280
v -0.25430 0.04299 -0.13140
v -0.30583 0.00443 -0.16472
v -0.34533 -0.00969 -0.22381
v -0.36221 0.00443 -0.29286
v -0.35197 0.04299 -0.35335
v -0.31733 0.09567 -0.38909
v -0.26758 0.14835 -0.39048
v -0.21606 0.18692 -0.35717
v -0.13776 0.16043 -0.31800
v -0.12002 0.14708 -0.24902
v -0.13089 0.11059 -0.18736
v -0.16746 0.06075 -0.14954
v -0.21992 0.01090 -0.14570
v -0.27423 -0.02559 -0.17686
v -0.31582 -0.03894 -0.23469
v -0.33356 -0.02559 -0.30367
v -0.32269 0.01090 -0.36533
v -0.28613 0.06075 -0.40315
v -0.23366 0.11059 -0.40699
v -0.17936 0.14708 -0.37583
v -0.10514 0.12073 -0.33940
v -0.08458 0.10784 -0.27112
v -0.09363 0.07262 -0.20844
v -0.12988 0.02450 -0.16815
v -0.18361 -0.02361 -0.16105
v -0.24042 -0.05883 -0.18904
v -0.28509 -0.07172 -0.24463
v -0.30566 -0.05883 -0.31291
v -0.29661 -0.02361 -0.37559
v -0.26036 0.02450 -0.41588
v -0.20663 0.07262 -0.42298
v -0.14982 0.10784 -0.39499
v -0.07766 0.08343 -0.36177
v -0.05319 0.07061 -0.29477
v -0.05871 0.03558 -0.23157
v -0.09275 -0.01227 -0.18910
v -0.14618 -0.06012 -0.17874
v -0.20469 -0.09515 -0.20327
v -0.25260 -0.10797 -0.25611
v -0.27707 -0.09515 -0.32310
v -0.27155 -0.06012 -0.38631
v -0.23751 -0.01227 -0.42878
v -0.18408 0.03558 -0.43913
v -0.12557 0.07061 -0.41461
v -0.05324 0.04947 -0.38379
v -0.02500 0.03631 -0.31836
v -0.02644 0.00035 -0.25546
v -0.05719 -0.04877 -0.21194
v -0.10899 -0.09789 -0.19946
v -0.16797 -0.13385 -0.22138
v -0.21832 -0.14702 -0.27180
v -0.24656 -0.13385 -0.33723
v -0.24511 -0.09789 -0.40014
v -0.21437 -0.04877 -0.44365
v -0.16257 0.00035 -0.45613
v -0.10359 0.03631 -0.43422
v -0.02937 0.01907 -0.40444
v 0.00152 0.00523 -0.34036
v 0.00363 -0.03258 -0.27857
v -0.02358 -0.08422 -0.23563
v -0.07284 -0.13587 -0.22304
v -0.13094 -0.17367 -0.24418
v -0.18231 -0.18751 -0.29338
v -0.21320 -0.17367 -0.35746
v -0.21532 -0.13587 -0.41925
v -0.18810 -0.08422 -0.46220
v -0.13885 -0.03258 -0.47479
v -0.08075 0.00523 -0.45365
v -0.00403 -0.00799 -0.42351
v 0.02795 -0.02271 -0.36017
v 0.03261 -0.06292 -0.30006
v 0.00869 -0.11785 -0.25929
v -0.03739 -0.17278 -0.24878
v -0.09330 -0.21299 -0.27134
v -0.14405 -0.22771 -0.32094
v -0.17604 -0.21299 -0.38428
v -0.18069 -0.17278 -0.44439
v -0.15678 -0.11785 -0.48517
v -0.11069 -0.06292 -0.49568
v -0.05478 -0.02271 -0.47311
v 0.02405 -0.03200 -0.44128
v 0.05559 -0.04766 -0.37794
v 0.06175 -0.09046 -0.31978
v 0.04088 -0.14892 -0.28239
v -0.00142 -0.20739 -0.27578
v -0.05384 -0.25019 -0.30173
v -0.10231 -0.26585 -0.35327
v -0.13385 -0.25019 -0.41661
v -0.14001 -0.20739 -0.47477
v -0.11914 -0.14892 -0.51216
v -0.07683 -0.09046 -0.51877
v -0.02442 -0.04766 -0.49282
v 0.05563 -0.05312 -0.45808
v 0.08535 -0.06969 -0.39409
v 0.09219 -0.11495 -0.33791
v 0.07433 -0.17678 -0.30459
v 0.03656 -0.23860 -0.30305
v -0.01101 -0.28386 -0.33372
v -0.05563 -0.30043 -0.38837
v -0.08535 -0.28386 -0.45236
v -0.09219 -0.23860 -0.50854
v -0.07433 -0.17678 -0.54186
v -0.03656 -0.11495 -0.54339
v 0.01101 -0.06969 -0.51273
v 0.09124 -0.07135 -0.47402
v 0.11792 -0.08869 -0.40891
v 0.12485 -0.13608 -0.35452
v 0.11017 -0.20080 -0.32541
v 0.07782 -0.26553 -0.32940
v 0.03647 -0.31291 -0.36541
v -0.00281 -0.33025 -0.42378
v -0.02949 -0.31291 -0.48889
v -0.03642 -0.26553 -0.54329
v -0.02175 -0.20080 -0.57239
v 0.01061 -0.13608 -0.56841
v 0.05196 -0.08869 -0.53240
v 0.13130 -0.08647 -0.48885
v 0.15389 -0.10443 -0.42237
v 0.16044 -0.15348 -0.36942
v 0.14921 -0.22048 -0.34420
v 0.12320 -0.28748 -0.35347
v 0.08938 -0.33654 -0.39472
v 0.05682 -0.35449 -0.45693
v 0.03424 -0.33654 -0.52341
v 0.02768 -0.28748 -0.57635
v 0.03892 -0.22048 -0.60157
v 0.06493 -0.15348 -0.59231
v 0.09874 -0.10443 -0.55105
v 0.17617 -0.09816 -0.50192
v 0.19370 -0.11655 -0.43405
v 0.19944 -0.16677 -0.38212
v 0.19186 -0.23539 -0.36006
v 0.17299 -0.30400 -0.37377
v 0.14789 -0.35423 -0.41958
v 0.12327 -0.37261 -0.48522
v 0.10575 -0.35423 -0.55309
v 0.10000 -0.30400 -0.60501
v 0.10758 -0.23539 -0.62707
v 0.12645 -0.16677 -0.61336
v 0.15156 -0.11655 -0.56755
v 0.22602 -0.10604 -0.51225
v 0.23761 -0.12468 -0.44319
v 0.24206 -0.17562 -0.39183
v 0.23817 -0.24520 -0.37194
v 0.22699 -0.31477 -0.38884
v 0.21151 -0.36571 -0.43802
v 0.19588 -0.38435 -0.50628
v 0.18428 -0.36571 -0.57534
v 0.17984 -0.31477 -0.62670
v 0.18372 -0.24520 -0.64660
v 0.19491 -0.17562 -0.62969
v 0.21039 -0.12468 -0.58052
v 0.28074 -0.10975 -0.51862
v 0.28560 -0.12850 -0.44878
v 0.28816 -0.17972 -0.39759
v 0.28776 -0.24970 -0.37874
v 0.28448 -0.31967 -0.39730
v 0.27921 -0.37090 -0.44829
v 0.27337 -0.38965 -0.51805
v 0.26851 -0.37090 -0.58788
v 0.26595 -0.31967 -0.63908
v 0.26636 -0.24970 -0.65792
v 0.26963 -0.17972 -0.63936
v 0.27490 -0.12850 -0.58837
v 0.33990 -0.10897 -0.51961
v 0.33732 -0.12771 -0.44965
v 0.33732 -0.17889 -0.39834
v 0.33990 -0.24880 -0.37943
v 0.34437 -0.31871 -0.39799
v 0.34954 -0.36989 -0.44904
v 0.35401 -0.38862 -0.51890
v 0.35659 -0.36989 -0.58886
v 0.35659 -0.31871 -0.64017
v 0.35401 -0.24880 -0.65908
v 0.34954 -0.17889 -0.64052
v 0.34437 -0.12771 -0.58948
v 0.40267 -0.10352 -0.51383
v 0.39207 -0.12214 -0.44460
v 0.38874 -0.17301 -0.39310
v 0.39356 -0.24251 -0.37313
v 0.40525 -0.31200 -0.39003
v 0.42066 -0.36288 -0.43928
v 0.43568 -0.38150 -0.50769
v 0.44627 -0.36288 -0.57692
v 0.44961 -0.31200 -0.62842
v 0.44478 -0.24251 -0.64840
v 0.43310 -0.17301 -0.63150
v 0.41768 -0.12214 -0.58224
v 0.46781 -0.09330 -0.49999
v 0.44880 -0.11174 -0.43254
v 0.44134 -0.16213 -0.38099
v 0.44743 -0.23097 -0.35917
v 0.46544 -0.29981 -0.37291
v 0.49055 -0.35020 -0.41855
v 0.51602 -0.36864 -0.48384
v 0.53503 -0.35020 -0.55129
v 0.54249 -0.29981 -0.60284
v 0.53640 -0.23097 -0.62466
v 0.51838 -0.16213 -0.61091
v 0.49328 -0.11174 -0.56528
v 0.53376 -0.07836 -0.47703
v 0.50613 -0.09659 -0.41256
v 0.49379 -0.14640 -0.36138
v 0.50003 -0.21443 -0.33721
v 0.52319 -0.28247 -0.34653
v 0.55706 -0.33227 -0.38683
v 0.59256 -0.35050 -0.44732
v 0.62019 -0.33227 -0.51179
v 0.63253 -0.28247 -0.56296
v 0.62629 -0.21443 -0.58713
v 0.60313 -0.14640 -0.57782
v 0.56926 -0.09659 -0.53751
v 0.59864 -0.05890 -0.44422
v 0.56246 -0.07690 -0.38407
v 0.54457 -0.12608 -0.33393
v 0.54978 -0.19325 -0.30725
v 0.57668 -0.26043 -0.31117
v 0.61807 -0.30961 -0.34464
v 0.66286 -0.32761 -0.39869
v 0.69904 -0.30961 -0.45884
v 0.71693 -0.26043 -0.50898
v 0.71173 -0.19325 -0.53566
v 0.68482 -0.12608 -0.53174
v 0.64343 -0.07690 -0.49827
v 0.66041 -0.03522 -0.40126
v 0.61601 -0.05299 -0.34682
v 0.59210 -0.10155 -0.29863
v 0.59510 -0.16789 -0.26961
v 0.62421 -0.23423 -0.26753
v 0.67161 -0.28279 -0.29295
v 0.72462 -0.30056 -0.33905
v 0.76903 -0.28279 -0.39349
v 0.79294 -0.23423 -0.44168
v 0.78993 -0.16789 -0.47071
v 0.76083 -0.10155 -0.47279
v 0.71342 -0.05299 -0.44737
v 0.71690 -0.00775 -0.34832
v 0.66492 -0.02532 -0.30098
v 0.63476 -0.07332 -0.25584
v 0.63451 -0.13889 -0.22498
v 0.66423 -0.20446 -0.21668
v 0.71596 -0.25246 -0.23315
v 0.77584 -0.27003 -0.27000
v 0.82783 -0.25246 -0.31733
v 0.85799 -0.20446 -0.36248
v 0.85824 -0.13889 -0.39333
v 0.82852 -0.07332 -0.40164
v 0.77678 -0.02532 -0.38516
v 0.76598 0.02297 -0.28603
v 0.70737 0.00557 -0.24712
v 0.67102 -0.04196 -0.20624
v 0.66666 -0.10689 -0.17435
v 0.69546 -0.17182 -0.15999
v 0.74972 -0.21935 -0.16701
v 0.81488 -0.23675 -0.19352
v 0.87349 -0.21935 -0.23243
v 0.90985 -0.17182 -0.27331
v 0.91420 -0.10689 -0.30520
v 0.88540 -0.04196 -0.31956
v 0.83114 0.00557 -0.31254
v 0.80564 0.05632 -0.21551
v 0.74165 0.03905 -0.18620
v 0.69949 -0.00813 -0.15087
v 0.69045 -0.07257 -0.11898
v 0.71696 -0.13702 -0.09908
v 0.77191 -0.18419 -0.09650
v 0.84058 -0.20146 -0.11194
v 0.90457 -0.18419 -0.14125
v 0.94673 -0.13702 -0.17659
v 0.95577 -0.07257 -0.20847
v 0.92926 -0.00813 -0.22837
v 0.87431 0.03905 -0.23095
v 0.83412 0.09161 -0.13835
v 0.76626 0.07442 -0.11958
v 0.71903 0.02746 -0.09102
v 0.70507 -0.03668 -0.06033
v 0.72813 -0.10083 -0.03572
v 0.78202 -0.14779 -0.02379
v 0.85231 -0.16497 -0.02775
v 0.92016 -0.14779 -0.04652
v 0.96740 -0.10083 -0.07508
v 0.98136 -0.03668 -0.10577
v 0.95830 0.02746 -0.13038
v 0.90441 0.07442 -0.14231
vn 0.0000 0.9149 -0.4036
vn -0.5000 0.7923 -0.3496
vn -0.8660 0.4575 -0.2018
vn -1.0000 0.0000 -0.0000
vn -0.8660 -0.4575 0.2018
vn -0.5000 -0.7923 0.3496
vn -0.0000 -0.9149 0.4036
vn 0.5000 -0.7923 0.3496
vn 0.8660 -0.4575 0.2018
vn 1.0000 -0.0000 0.0000
vn 0.8660 0.4575 -0.2018
vn 0.5000 0.7923 -0.3496
vn 0.0650 0.9164 -0.3950
vn -0.4371 0.7936 -0.4233
vn -0.8221 0.4582 -0.3381
vn -0.9867 0.0000 -0.1623
vn -0.8870 -0.4582 0.0570
vn -0.5496 -0.7936 0.2610
vn -0.0650 -0.9164 0.3950
vn 0.4371 -0.7936 0.4233
vn 0.8221 -0.4582 0.3381
vn 0.9867 -0.0000 0.1623
vn 0.8870 0.4582 -0.0570
vn 0.5496 0.7936 -0.2610
vn 0.1248 0.9206 -0.3699
vn -0.3657 0.7973 -0.4802
vn -0.7582 0.4603 -0.4618
vn -0.9475 0.0000 -0.3196
vn -0.8830 -0.4603 -0.0918
vn -0.5818 -0.7973 0.1605
vn -0.1248 -0.9206 0.3699
vn 0.3657 -0.7973 0.4802
vn 0.7582 -0.4603 0.4618
vn 0.9475 -0.0000 0.3196
vn 0.8830 0.4603 0.0918
vn 0.5818 0.7973 -0.1605
vn 0.1746 0.9275 -0.3304
vn -0.2908 0.8033 -0.5198
vn -0.6783 0.4638 -0.5699
vn -0.8841 0.0000 -0.4673
vn -0.8530 -0.4638 -0.2395
vn -0.5933 -0.8033 0.0525
vn -0.1746 -0.9275 0.3304
vn 0.2908 -0.8033 0.5198
vn 0.6783 -0.4638 0.5699
vn 0.8841 -0.0000 0.4673
vn 0.8530 0.4638 0.2395
vn 0.5933 0.8033 -0.0525
vn 0.2105 0.9367 -0.2797
vn -0.2172 0.8112 -0.5429
vn -0.5867 0.4684 -0.6606
vn -0.7990 0.0000 -0.6013
vn -0.7972 -0.4684 -0.3808
vn -0.5818 -0.8112 -0.0584
vn -0.2105 -0.9367 0.2797
vn 0.2172 -0.8112 0.5429
vn 0.5867 -0.4684 0.6606
vn 0.7990 -0.0000 0.6013
vn 0.7972 0.4684 0.3808
vn 0.5818 0.8112 0.0584
vn 0.2293 0.9477 -0.2222
vn -0.1493 0.8207 -0.5515
vn -0.4879 0.4738 -0.7331
vn -0.6958 0.0000 -0.7182
vn -0.7173 -0.4738 -0.5109
vn -0.5465 -0.8207 -0.1667
vn -0.2293 -0.9477 0.2222
vn 0.1493 -0.8207 0.5515
vn 0.4879 -0.4738 0.7331
vn 0.6958 -0.0000 0.7182
vn 0.7173 0.4738 0.5109
vn 0.5465 0.8207 0.1667
vn 0.2293 0.9597 -0.1626
vn -0.0906 0.8311 -0.5487
vn -0.3862 0.4798 -0.7878
vn -0.5784 0.0000 -0.8158
vn -0.6156 -0.4798 -0.6252
vn -0.4878 -0.8311 -0.2671
vn -0.2293 -0.9597 0.1626
vn 0.0906 -0.8311 0.5487
vn 0.3862 -0.4798 0.7878
vn 0.5784 -0.0000 0.8158
vn 0.6156 0.4798 0.6252
vn 0.4878 0.8311 0.2671
vn 0.2100 0.9719 -0.1061
vn -0.0436 0.8417 -0.5382
vn -0.2855 0.4860 -0.8260
vn -0.4509 0.0000 -0.8926
vn -0.4955 -0.4860 -0.7199
vn -0.4073 -0.8417 -0.3544
vn -0.2100 -0.9719 0.1061
vn 0.0436 -0.8417 0.5382
vn 0.2855 -0.4860 0.8260
vn 0.4509 -0.0000 0.8926
vn 0.4955 0.4860 0.7199
vn 0.4073 0.8417 0.3544
vn 0.1722 0.9834 -0.0577
vn -0.0098 0.8516 -0.5241
vn -0.1891 0.4917 -0.8500
vn -0.3177 0.0000 -0.9482
vn -0.3613 -0.4917 -0.7923
vn -0.3080 -0.8516 -0.4241
vn -0.1722 -0.9834 0.0577
vn 0.0098 -0.8516 0.5241
vn 0.1891 -0.4917 0.8500
vn 0.3177 -0.0000 0.9482
vn 0.3613 0.4917 0.7923
vn 0.3080 0.8516 0.4241
vn 0.1179 0.9928 -0.0219
vn 0.0106 0.8598 -0.5106
vn -0.0995 0.4964 -0.8624
vn -0.1829 0.0000 -0.9831
vn -0.2174 -0.4964 -0.8404
vn -0.1936 -0.8598 -0.4726
vn -0.1179 -0.9928 0.0219
vn -0.0106 -0.8598 0.5106
vn 0.0995 -0.4964 0.8624
vn 0.1829 -0.0000 0.9831
vn 0.2174 0.4964 0.8404
vn 0.1936 0.8598 0.4726
vn 0.0504 0.9987 -0.0025
vn 0.0184 0.8649 -0.5016
vn -0.0184 0.4994 -0.8662
vn -0.0504 0.0000 -0.9987
vn -0.0688 -0.4994 -0.8637
vn -0.0688 -0.8649 -0.4972
vn -0.0504 -0.9987 0.0025
vn -0.0184 -0.8649 0.5016
vn 0.0184 -0.4994 0.8662
vn 0.0504 -0.0000 0.9987
vn 0.0688 0.4994 0.8637
vn 0.0688 0.8649 0.4972
vn -0.0263 0.9997 -0.0020
vn 0.0154 0.8657 -0.5003
vn 0.0530 0.4998 -0.8645
vn 0.0764 0.0000 -0.9971
vn 0.0793 -0.4998 -0.8625
vn 0.0610 -0.8657 -0.4968
vn 0.0263 -0.9997 0.0020
vn -0.0154 -0.8657 0.5003
vn -0.0530 -0.4998 0.8645
vn -0.0764 -0.0000 0.9971
vn -0.0793 0.4998 0.8625
vn -0.0610 0.8657 0.4968
vn -0.1076 0.9940 -0.0213
vn 0.0040 0.8608 -0.5089
vn 0.1146 0.4970 -0.8602
vn 0.1944 0.0000 -0.9809
vn 0.2222 -0.4970 -0.8388
vn 0.1904 -0.8608 -0.4720
vn 0.1076 -0.9940 0.0213
vn -0.0040 -0.8608 0.5089
vn -0.1146 -0.4970 0.8602
vn -0.1944 -0.0000 0.9809
vn -0.2222 0.4970 0.8388
vn -0.1904 0.8608 0.4720
vn -0.1889 0.9802 -0.0596
vn -0.0131 0.8489 -0.5285
vn 0.1662 0.4901 -0.8557
vn 0.3010 0.0000 -0.9536
vn 0.3552 -0.4901 -0.7960
vn 0.3141 -0.8489 -0.4252
vn 0.1889 -0.9802 0.0596
vn 0.0131 -0.8489 0.5285
vn -0.1662 -0.4901 0.8557
vn -0.3010 -0.0000 0.9536
vn -0.3552 0.4901 0.7960
vn -0.3141 0.8489 0.4252
vn -0.2660 0.9572 -0.1140
vn -0.0334 0.8290 -0.5583
vn 0.2081 0.4786 -0.8530
vn 0.3939 0.0000 -0.9192
vn 0.4741 -0.4786 -0.7390
vn 0.4273 -0.8290 -0.3609
vn 0.2660 -0.9572 0.1140
vn 0.0334 -0.8290 0.5583
vn -0.2081 -0.4786 0.8530
vn -0.3939 -0.0000 0.9192
vn -0.4741 0.4786 0.7390
vn -0.4273 0.8290 0.3609
vn -0.3359 0.9246 -0.1794
vn -0.0553 0.8008 -0.5964
vn 0.2401 0.4623 -0.8536
vn 0.4711 0.0000 -0.8821
vn 0.5760 -0.4623 -0.6742
vn 0.5265 -0.8008 -0.2857
vn 0.3359 -0.9246 0.1794
vn 0.0553 -0.8008 0.5964
vn -0.2401 -0.4623 0.8536
vn -0.4711 -0.0000 0.8821
vn -0.5760 0.4623 0.6742
vn -0.5265 0.8008 0.2857
vn -0.3974 0.8832 -0.2490
vn -0.0787 0.7649 -0.6393
vn 0.2611 0.4416 -0.8584
vn 0.5309 0.0000 -0.8474
vn 0.6585 -0.4416 -0.6094
vn 0.6096 -0.7649 -0.2081
vn 0.3974 -0.8832 0.2490
vn 0.0787 -0.7649 0.6393
vn -0.2611 -0.4416 0.8584
vn -0.5309 -0.0000 0.8474
vn -0.6585 0.4416 0.6094
vn -0.6096 0.7649 0.2081
vn -0.4513 0.8352 -0.3143
vn -0.1051 0.7233 -0.6825
vn 0.2693 0.4176 -0.8678
vn 0.5715 0.0000 -0.8206
vn 0.7206 -0.4176 -0.5535
vn 0.6766 -0.7233 -0.1381
vn 0.4513 -0.8352 0.3143
vn 0.1051 -0.7233 0.6825
vn -0.2693 -0.4176 0.8678
vn -0.5715 -0.0000 0.8206
vn -0.7206 0.4176 0.5535
vn -0.6766 0.7233 0.1381
vn -0.5000 0.7847 -0.3663
vn -0.1376 0.6796 -0.7206
vn 0.2618 0.3924 -0.8818
vn 0.5910 0.0000 -0.8067
vn 0.7618 -0.3924 -0.5155
vn 0.7285 -0.6796 -0.0861
vn 0.5000 -0.7847 0.3663
vn 0.1376 -0.6796 0.7206
vn -0.2618 -0.3924 0.8818
vn -0.5910 -0.0000 0.8067
vn -0.7618 0.3924 0.5155
vn -0.7285 0.6796 0.0861
vn -0.5462 0.7378 -0.3966
vn -0.1793 0.6389 -0.7481
vn 0.2357 0.3689 -0.8991
vn 0.5876 0.0000 -0.8092
vn 0.7820 -0.3689 -0.5024
vn 0.7668 -0.6389 -0.0611
vn 0.5462 -0.7378 0.3966
vn 0.1793 -0.6389 0.7481
vn -0.2357 -0.3689 0.8991
vn -0.5876 -0.0000 0.8092
vn -0.7820 0.3689 0.5024
vn -0.7668 0.6389 0.0611
vn -0.5896 0.7017 -0.3999
vn -0.2299 0.6077 -0.7601
vn 0.1914 0.3509 -0.9167
vn 0.5614 0.0000 -0.8276
vn 0.7810 -0.3509 -0.5167
vn 0.7913 -0.6077 -0.0674
vn 0.5896 -0.7017 0.3999
vn 0.2299 -0.6077 0.7601
vn -0.1914 -0.3509 0.9167
vn -0.5614 -0.0000 0.8276
vn -0.7810 0.3509 0.5167
vn -0.7913 0.6077 0.0674
vn -0.6248 0.6836 -0.3774
vn -0.2826 0.5920 -0.7548
vn 0.1354 0.3418 -0.9300
vn 0.5170 0.0000 -0.8560
vn 0.7601 -0.3418 -0.5526
vn 0.7996 -0.5920 -0.1012
vn 0.6248 -0.6836 0.3774
vn 0.2826 -0.5920 0.7548
vn -0.1354 -0.3418 0.9300
vn -0.5170 -0.0000 0.8560
vn -0.7601 0.3418 0.5526
vn -0.7996 0.5920 0.1012
vn -0.6427 0.6873 -0.3385
vn -0.3236 0.5952 -0.7355
vn 0.0822 0.3437 -0.9355
vn 0.4660 0.0000 -0.8848
vn 0.7249 -0.3437 -0.5970
vn 0.7896 -0.5952 -0.1492
vn 0.6427 -0.6873 0.3385
vn 0.3236 -0.5952 0.7355
vn -0.0822 -0.3437 0.9355
vn -0.4660 -0.0000 0.8848
vn -0.7249 0.3437 0.5970
vn -0.7896 0.5952 0.1492
vn -0.6359 0.7121 -0.2976
vn -0.3388 0.6167 -0.7106
vn 0.0491 0.3560 -0.9332
vn 0.4238 0.0000 -0.9057
vn 0.6850 -0.3560 -0.6356
vn 0.7626 -0.6167 -0.1952
vn 0.6359 -0.7121 0.2976
vn 0.3388 -0.6167 0.7106
vn -0.0491 -0.3560 0.9332
vn -0.4238 -0.0000 0.9057
vn -0.6850 0.3560 0.6356
vn -0.7626 0.6167 0.1952
vn -0.6027 0.7526 -0.2652
vn -0.3206 0.6518 -0.6873
vn 0.0474 0.3763 -0.9253
vn 0.4028 0.0000 -0.9153
vn 0.6502 -0.3763 -0.6601
vn 0.7234 -0.6518 -0.2280
vn 0.6027 -0.7526 0.2652
vn 0.3206 -0.6518 0.6873
vn -0.0474 -0.3763 0.9253
vn -0.4028 -0.0000 0.9153
vn -0.6502 0.3763 0.6601
vn -0.7234 0.6518 0.2280
vn -0.5461 0.8015 -0.2438
vn -0.2691 0.6941 -0.6677
vn 0.0800 0.4007 -0.9127
vn 0.4077 0.0000 -0.9131
vn 0.6261 -0.4007 -0.6689
vn 0.6767 -0.6941 -0.2454
vn 0.5461 -0.8015 0.2438
vn 0.2691 -0.6941 0.6677
vn -0.0800 -0.4007 0.9127
vn -0.4077 -0.0000 0.9131
vn -0.6261 0.4007 0.6689
vn -0.6767 0.6941 0.2454
vn -0.4712 0.8517 -0.2291
vn -0.1895 0.7376 -0.6481
vn 0.1430 0.4259 -0.8934
vn 0.4372 0.0000 -0.8993
vn 0.6143 -0.4259 -0.6643
vn 0.6267 -0.7376 -0.2513
vn 0.4712 -0.8517 0.2291
vn 0.1895 -0.7376 0.6481
vn -0.1430 -0.4259 0.8934
vn -0.4372 -0.0000 0.8993
vn -0.6143 0.4259 0.6643
vn -0.6267 0.7376 0.2513
vn -0.3845 0.8979 -0.2143
vn -0.0895 0.7776 -0.6223
vn 0.2294 0.4490 -0.8636
vn 0.4868 0.0000 -0.8735
vn 0.6139 -0.4490 -0.6493
vn 0.5764 -0.7776 -0.2512
vn 0.3845 -0.8979 0.2143
vn 0.0895 -0.7776 0.6223
vn -0.2294 -0.4490 0.8636
vn -0.4868 -0.0000 0.8735
vn -0.6139 0.4490 0.6493
vn -0.5764 0.7776 0.2512
vn -0.2925 0.9365 -0.1931
vn 0.0221 0.8111 -0.5845
vn 0.3309 0.4683 -0.8193
vn 0.5510 0.0000 -0.8345
vn 0.6234 -0.4683 -0.6262
vn 0.5288 -0.8111 -0.2500
vn 0.2925 -0.9365 0.1931
vn -0.0221 -0.8111 0.5845
vn -0.3309 -0.4683 0.8193
vn -0.5510 -0.0000 0.8345
vn -0.6234 0.4683 0.6262
vn -0.5288 0.8111 0.2500
vn -0.2022 0.9659 -0.1615
vn 0.1369 0.8365 -0.5306
vn 0.4394 0.4830 -0.7574
vn 0.6241 0.0000 -0.7813
vn 0.6416 -0.4830 -0.5959
vn 0.4872 -0.8365 -0.2508
vn 0.2022 -0.9659 0.1615
vn -0.1369 -0.8365 0.5306
vn -0.4394 -0.4830 0.7574
vn -0.6241 -0.0000 0.7813
vn -0.6416 0.4830 0.5959
vn -0.4872 0.8365 0.2508
vn -0.1199 0.9858 -0.1179
vn 0.2467 0.8537 -0.4586
vn 0.5472 0.4929 -0.6765
vn 0.7012 0.0000 -0.7130
vn 0.6672 -0.4929 -0.5585
vn 0.4544 -0.8537 -0.2544
vn 0.1199 -0.9858 0.1179
vn -0.2467 -0.8537 0.4586
vn -0.5472 -0.4929 0.6765
vn -0.7012 -0.0000 0.7130
vn -0.6672 0.4929 0.5585
vn -0.4544 0.8537 0.2544
vn -0.0512 0.9967 -0.0632
vn 0.3443 0.8632 -0.3693
vn 0.6475 0.4983 -0.5765
vn 0.7773 0.0000 -0.6292
vn 0.6987 -0.4983 -0.5133
vn 0.4329 -0.8632 -0.2599
vn 0.0512 -0.9967 0.0632
vn -0.3443 -0.8632 0.3693
vn -0.6475 -0.4983 0.5765
vn -0.7773 -0.0000 0.6292
vn -0.6987 0.4983 0.5133
vn -0.4329 0.8632 0.2599
vn 0.0000 1.0000 0.0000
vn 0.4240 0.8660 -0.2650
vn 0.7344 0.5000 -0.4590
vn 0.8480 0.0000 -0.5300
vn 0.7344 -0.5000 -0.4590
vn 0.4240 -0.8660 -0.2650
vn 0.0000 -1.0000 -0.0000
vn -0.4240 -0.8660 0.2650
vn -0.7344 -0.5000 0.4590
vn -0.8480 -0.0000 0.5300
vn -0.7344 0.5000 0.4590
vn -0.4240 0.8660 0.2650
vn 0.0310 0.9972 0.0677
vn 0.4815 0.8636 -0.1495
vn 0.8029 0.4986 -0.3267
vn 0.9092 0.0000 -0.4163
vn 0.7719 -0.4986 -0.3944
vn 0.4278 -0.8636 -0.2668
vn -0.0310 -0.9972 -0.0677
vn -0.4815 -0.8636 0.1495
vn -0.8029 -0.4986 0.3267
vn -0.9092 -0.0000 0.4163
vn -0.7719 0.4986 0.3944
vn -0.4278 0.8636 0.2668
vn 0.0409 0.9900 0.1353
vn 0.5140 0.8573 -0.0276
vn 0.8494 0.4950 -0.1831
vn 0.9572 0.0000 -0.2896
vn 0.8085 -0.4950 -0.3184
vn 0.4431 -0.8573 -0.2620
vn -0.0409 -0.9900 -0.1353
vn -0.5140 -0.8573 0.0276
vn -0.8494 -0.4950 0.1831
vn -0.9572 -0.0000 0.2896
vn -0.8085 0.4950 0.3184
vn -0.4431 0.8573 0.2620
vn 0.0305 0.9797 0.1980
vn 0.5206 0.8485 0.0955
vn 0.8712 0.4899 -0.0327
vn 0.9884 0.0000 -0.1520
vn 0.8407 -0.4899 -0.2307
vn 0.4678 -0.8485 -0.2475
vn -0.0305 -0.9797 -0.1980
vn -0.5206 -0.8485 -0.0955
vn -0.8712 -0.4899 0.0327
vn -0.9884 -0.0000 0.1520
vn -0.8407 0.4899 0.2307
vn -0.4678 0.8485 0.2475
vn 0.0017 0.9679 0.2514
vn 0.5014 0.8382 0.2144
vn 0.8668 0.4839 0.1200
vn 1.0000 0.0000 -0.0066
vn 0.8652 -0.4839 -0.1314
vn 0.4985 -0.8382 -0.2210
vn -0.0017 -0.9679 -0.2514
vn -0.5014 -0.8382 -0.2144
vn -0.8668 -0.4839 -0.1200
vn -1.0000 -0.0000 0.0066
vn -0.8652 0.4839 0.1314
vn -0.4985 0.8382 0.2210
vn -0.0422 0.9556 0.2917
vn 0.4583 0.8276 0.3242
vn 0.8360 0.4778 0.2698
vn 0.9897 0.0000 0.1432
vn 0.8782 -0.4778 -0.0218
vn 0.5314 -0.8276 -0.1810
vn 0.0422 -0.9556 -0.2917
vn -0.4583 -0.8276 -0.3242
vn -0.8360 -0.4778 -0.2698
vn -0.9897 -0.0000 -0.1432
vn -0.8782 0.4778 0.0218
vn -0.5314 0.8276 0.1810
vn -0.0969 0.9438 0.3158
vn 0.3941 0.8174 0.4202
vn 0.7795 0.4719 0.4119
vn 0.9560 0.0000 0.2933
vn 0.8764 -0.4719 0.0961
vn 0.5619 -0.8174 -0.1269
vn 0.0969 -0.9438 -0.3158
vn -0.3941 -0.8174 -0.4202
vn -0.7795 -0.4719 -0.4119
vn -0.9560 -0.0000 -0.2933
vn -0.8764 0.4719 -0.0961
vn -0.5619 0.8174 0.1269
vn -0.1576 0.9334 0.3223
vn 0.3127 0.8084 0.4987
vn 0.6992 0.4667 0.5416
vn 0.8984 0.0000 0.4393
vn 0.8568 -0.4667 0.2193
vn 0.5856 -0.8084 -0.0595
vn 0.1576 -0.9334 -0.3223
vn -0.3127 -0.8084 -0.4987
vn -0.6992 -0.4667 -0.5416
vn -0.8984 -0.0000 -0.4393
vn -0.8568 0.4667 -0.2193
vn -0.5856 0.8084 0.0595
vn -0.2191 0.9250 0.3105
vn 0.2188 0.8011 0.5572
vn 0.5981 0.4625 0.6545
vn 0.8171 0.0000 0.5765
vn 0.8172 -0.4625 0.3440
vn 0.5983 -0.8011 0.0193
vn 0.2191 -0.9250 -0.3105
vn -0.2188 -0.8011 -0.5572
vn -0.5981 -0.4625 -0.6545
vn -0.8171 -0.0000 -0.5765
vn -0.8172 0.4625 -0.3440
vn -0.5983 0.8011 -0.0193
vn -0.2762 0.9189 0.2816
vn 0.1177 0.7958 0.5940
vn 0.4801 0.4595 0.7473
vn 0.7138 0.0000 0.7003
vn 0.7563 -0.4595 0.4657
vn 0.5961 -0.7958 0.1063
vn 0.2762 -0.9189 -0.2816
vn -0.1177 -0.7958 -0.5940
vn -0.4801 -0.4595 -0.7473
vn -0.7138 -0.0000 -0.7003
vn -0.7563 0.4595 -0.4657
vn -0.5961 0.7958 -0.1063
vn -0.3244 0.9156 0.2377
vn 0.0146 0.7929 0.6092
vn 0.3496 0.4578 0.8174
vn 0.5910 0.0000 0.8067
vn 0.6740 -0.4578 0.5797
vn 0.5765 -0.7929 0.1975
vn 0.3244 -0.9156 -0.2377
vn -0.0146 -0.7929 -0.6092
vn -0.3496 -0.4578 -0.8174
vn -0.5910 -0.0000 -0.8067
vn -0.6740 0.4578 -0.5797
vn -0.5765 0.7929 -0.1975
vn -0.3597 0.9151 0.1824
vn -0.0854 0.7925 0.6039
vn 0.2118 0.4575 0.8636
vn 0.4522 0.0000 0.8919
vn 0.5715 -0.4575 0.6812
vn 0.5376 -0.7925 0.2880
vn 0.3597 -0.9151 -0.1824
vn 0.0854 -0.7925 -0.6039
vn -0.2118 -0.4575 -0.8636
vn -0.4522 -0.0000 -0.8919
vn -0.5715 0.4575 -0.6812
vn -0.5376 0.7925 -0.2880
vn -0.3792 0.9175 0.1200
vn -0.1776 0.7946 0.5806
vn 0.0716 0.4587 0.8857
vn 0.3016 0.0000 0.9534
vn 0.4508 -0.4587 0.7657
vn 0.4792 -0.7946 0.3728
vn 0.3792 -0.9175 -0.1200
vn 0.1776 -0.7946 -0.5806
vn -0.0716 -0.4587 -0.8857
vn -0.3016 -0.0000 -0.9534
vn -0.4508 0.4587 -0.7657
vn -0.4792 0.7946 -0.3728
vn -0.3816 0.9227 0.0555
vn -0.2585 0.7991 0.5429
vn -0.0661 0.4613 0.8848
vn 0.1439 0.0000 0.9896
vn 0.3154 -0.4613 0.8293
vn 0.4024 -0.7991 0.4467
vn 0.3816 -0.9227 -0.0555
vn 0.2585 -0.7991 -0.5429
vn 0.0661 -0.4613 -0.8848
vn -0.1439 -0.0000 -0.9896
vn -0.3154 0.4613 -0.8293
vn -0.4024 0.7991 -0.4467
vn -0.3666 0.9304 -0.0058
vn -0.3254 0.8057 0.4949
vn -0.1970 0.4652 0.8630
vn -0.0159 0.0000 0.9999
vn 0.1695 -0.4652 0.8688
vn 0.3095 -0.8057 0.5050
vn 0.3666 -0.9304 0.0058
vn 0.3254 -0.8057 -0.4949
vn 0.1970 -0.4652 -0.8630
vn 0.0159 -0.0000 -0.9999
vn -0.1695 0.4652 -0.8688
vn -0.3095 0.8057 -0.5050
vn -0.3355 0.9402 -0.0589
vn -0.3770 0.8142 0.4414
vn -0.3176 0.4701 0.8235
vn -0.1730 0.0000 0.9849
vn 0.0179 -0.4701 0.8824
vn 0.2041 -0.8142 0.5435
vn 0.3355 -0.9402 0.0589
vn 0.3770 -0.8142 -0.4414
vn 0.3176 -0.4701 -0.8235
vn 0.1730 -0.0000 -0.9849
vn -0.0179 0.4701 -0.8824
vn -0.2041 0.8142 -0.5435
vn -0.2909 0.9516 -0.0993
vn -0.4135 0.8241 0.3872
vn -0.4252 0.4758 0.7699
vn -0.3231 0.0000 0.9464
vn -0.1343 -0.4758 0.8692
vn 0.0904 -0.8241 0.5592
vn 0.2909 -0.9516 0.0993
vn 0.4135 -0.8241 -0.3872
vn 0.4252 -0.4758 -0.7699
vn 0.3231 -0.0000 -0.9464
vn 0.1343 0.4758 -0.8692
vn -0.0904 0.8241 -0.5592
vn -0.2365 0.9638 -0.1233
vn -0.4360 0.8347 0.3366
vn -0.5186 0.4819 0.7063
vn -0.4623 0.0000 0.8867
vn -0.2821 -0.4819 0.8296
vn -0.0263 -0.8347 0.5501
vn 0.2365 -0.9638 0.1233
vn 0.4360 -0.8347 -0.3366
vn 0.5186 -0.4819 -0.7063
vn 0.4623 -0.0000 -0.8867
vn 0.2821 0.4819 -0.8296
vn 0.0263 0.8347 -0.5501
vn -0.1766 0.9759 -0.1283
vn -0.4467 0.8451 0.2935
vn -0.5972 0.4879 0.6366
vn -0.5876 0.0000 0.8092
vn -0.4206 -0.4879 0.7649
vn -0.1408 -0.8451 0.5156
vn 0.1766 -0.9759 0.1283
vn 0.4467 -0.8451 -0.2935
vn 0.5972 -0.4879 -0.6366
vn 0.5876 -0.0000 -0.8092
vn 0.4206 0.4879 -0.7649
vn 0.1408 0.8451 -0.5156
vn -0.1161 0.9868 -0.1128
vn -0.4490 0.8546 0.2609
vn -0.6615 0.4934 0.5648
vn -0.6968 0.0000 0.7173
vn -0.5454 -0.4934 0.6776
vn -0.2478 -0.8546 0.4563
vn 0.1161 -0.9868 0.1128
vn 0.4490 -0.8546 -0.2609
vn 0.6615 -0.4934 -0.5648
vn 0.6968 -0.0000 -0.7173
vn 0.5454 0.4934 -0.6776
vn 0.2478 0.8546 -0.4563
vn -0.0600 0.9952 -0.0770
vn -0.4463 0.8619 0.2408
vn -0.7129 0.4976 0.4941
vn -0.7885 0.0000 0.6150
vn -0.6529 -0.4976 0.5711
vn -0.3423 -0.8619 0.3742
vn 0.0600 -0.9952 0.0770
vn 0.4463 -0.8619 -0.2408
vn 0.7129 -0.4976 -0.4941
vn 0.7885 -0.0000 -0.6150
vn 0.6529 0.4976 -0.5711
vn 0.3423 0.8619 -0.3742
vn -0.0130 0.9997 -0.0221
vn -0.4424 0.8657 0.2340
vn -0.7533 0.4998 0.4274
vn -0.8623 0.0000 0.5063
vn -0.7403 -0.4998 0.4495
vn -0.4199 -0.8657 0.2723
vn 0.0130 -0.9997 0.0221
vn 0.4424 -0.8657 -0.2340
vn 0.7533 -0.4998 -0.4274
vn 0.8623 -0.0000 -0.5063
vn 0.7403 0.4998 -0.4495
vn 0.4199 0.8657 -0.2723
vn 0.0212 0.9986 0.0492
vn -0.4409 0.8648 0.2402
vn -0.7849 0.4993 0.3670
vn -0.9185 0.0000 0.3953
vn -0.8060 -0.4993 0.3178
vn -0.4776 -0.8648 0.1551
vn -0.0212 -0.9986 -0.0492
vn 0.4409 -0.8648 -0.2402
vn 0.7849 -0.4993 -0.3670
vn 0.9185 -0.0000 -0.3953
vn 0.8060 0.4993 -0.3178
vn 0.4776 0.8648 -0.1551
vn 0.0397 0.9903 0.1329
vn -0.4447 0.8577 0.2582
vn -0.8100 0.4952 0.3142
vn -0.9582 0.0000 0.2861
vn -0.8497 -0.4952 0.1813
vn -0.5135 -0.8577 0.0279
vn -0.0397 -0.9903 -0.1329
vn 0.4447 -0.8577 -0.2582
vn 0.8100 -0.4952 -0.3142
vn 0.9582 -0.0000 -0.2861
vn 0.8497 0.4952 -0.1813
vn 0.5135 0.8577 -0.0279
vn 0.0417 0.9736 0.2245
vn -0.4555 0.8431 0.2857
vn -0.8307 0.4868 0.2703
vn -0.9832 0.0000 0.1825
vn -0.8723 -0.4868 0.0458
vn -0.5277 -0.8431 -0.1032
vn -0.0417 -0.9736 -0.2245
vn 0.4555 -0.8431 -0.2857
vn 0.8307 -0.4868 -0.2703
vn 0.9832 -0.0000 -0.1825
vn 0.8723 0.4868 -0.0458
vn 0.5277 0.8431 0.1032
vn 0.0283 0.9474 0.3188
vn -0.4735 0.8205 0.3203
vn -0.8485 0.4737 0.2360
vn -0.9961 0.0000 0.0884
vn -0.8768 -0.4737 -0.0828
vn -0.5225 -0.8205 -0.2319
vn -0.0283 -0.9474 -0.3188
vn 0.4735 -0.8205 -0.3203
vn 0.8485 -0.4737 -0.2360
vn 0.9961 -0.0000 -0.0884
vn 0.8768 0.4737 0.0828
vn 0.5225 0.8205 0.2319
vn 0.0033 0.9118 0.4107
vn -0.4972 0.7896 0.3597
vn -0.8644 0.4559 0.2123
vn -1.0000 0.0000 0.0080
vn -0.8676 -0.4559 -0.1985
vn -0.5028 -0.7896 -0.3517
vn -0.0033 -0.9118 -0.4107
vn 0.4972 -0.7896 -0.3597
vn 0.8644 -0.4559 -0.2123
vn 1.0000 -0.0000 -0.0080
vn 0.8676 0.4559 0.1985
vn 0.5028 0.7896 0.3517
vn -0.0272 0.8678 0.4962
vn -0.5228 0.7515 0.4023
vn -0.8783 0.4339 0.2006
vn -0.9985 0.0000 -0.0548
vn -0.8511 -0.4339 -0.2955
vn -0.4757 -0.7515 -0.4571
vn 0.0272 -0.8678 -0.4962
vn 0.5228 -0.7515 -0.4023
vn 0.8783 -0.4339 -0.2006
vn 0.9985 -0.0000 0.0548
vn 0.8511 0.4339 0.2955
vn 0.4757 0.7515 0.4571
vn -0.0549 0.8184 0.5720
vn -0.5453 0.7087 0.4476
vn -0.8895 0.4092 0.2033
vn -0.9954 0.0000 -0.0955
vn -0.8346 -0.4092 -0.3687
vn -0.4502 -0.7087 -0.5432
vn 0.0549 -0.8184 -0.5720
vn 0.5453 -0.7087 -0.4476
vn 0.8895 -0.4092 -0.2033
vn 0.9954 -0.0000 0.0955
vn 0.8346 0.4092 0.3687
vn 0.4502 0.7087 0.5432
vn -0.0706 0.7683 0.6362
vn -0.5581 0.6654 0.4958
vn -0.8960 0.3842 0.2226
vn -0.9939 0.0000 -0.1102
vn -0.8255 -0.3842 -0.4136
vn -0.4358 -0.6654 -0.6061
vn 0.0706 -0.7683 -0.6362
vn 0.5581 -0.6654 -0.4958
vn 0.8960 -0.3842 -0.2226
vn 0.9939 -0.0000 0.1102
vn 0.8255 0.3842 0.4136
vn 0.4358 0.6654 0.6061
vn -0.0666 0.7242 0.6864
vn -0.5553 0.6272 0.5462
vn -0.8953 0.3621 0.2596
vn -0.9953 0.0000 -0.0965
vn -0.8287 -0.3621 -0.4268
vn -0.4400 -0.6272 -0.6427
vn 0.0666 -0.7242 -0.6864
vn 0.5553 -0.6272 -0.5462
vn 0.8953 -0.3621 -0.2596
vn 0.9953 -0.0000 0.0965
vn 0.8287 0.3621 0.4268
vn 0.4400 0.6272 0.6427
vn -0.0407 0.6934 0.7194
vn -0.5345 0.6005 0.5947
vn -0.8850 0.3467 0.3107
vn -0.9984 0.0000 -0.0566
vn -0.8443 -0.3467 -0.4087
vn -0.4639 -0.6005 -0.6513
vn 0.0407 -0.6934 -0.7194
vn 0.5345 -0.6005 -0.5947
vn 0.8850 -0.3467 -0.3107
vn 0.9984 -0.0000 0.0566
vn 0.8443 0.3467 0.4087
vn 0.4639 0.6005 0.6513
vn 0.0000 0.6823 0.7311
vn -0.5000 0.5909 0.6331
vn -0.8660 0.3412 0.3655
vn -1.0000 0.0000 0.0000
vn -0.8660 -0.3412 -0.3655
vn -0.5000 -0.5909 -0.6331
vn -0.0000 -0.6823 -0.7311
vn 0.5000 -0.5909 -0.6331
vn 0.8660 -0.3412 -0.3655
vn 1.0000 -0.0000 -0.0000
vn 0.8660 0.3412 0.3655
vn 0.5000 0.5909 0.6331
vn 0.0407 0.6934 0.7194
vn -0.4639 0.6005 0.6513
vn -0.8443 0.3467 0.4087
vn -0.9984 0.0000 0.0566
vn -0.8850 -0.3467 -0.3107
vn -0.5345 -0.6005 -0.5947
vn -0.0407 -0.6934 -0.7194
vn 0.4639 -0.6005 -0.6513
vn 0.8443 -0.3467 -0.4087
vn 0.9984 -0.0000 -0.0566
vn 0.8850 0.3467 0.3107
vn 0.5345 0.6005 0.5947
vn 0.0666 0.7242 0.6864
vn -0.4400 0.6272 0.6427
vn -0.8287 0.3621 0.4268
vn -0.9953 0.0000 0.0965
vn -0.8953 -0.3621 -0.2596
vn -0.5553 -0.6272 -0.5462
vn -0.0666 -0.7242 -0.6864
vn 0.4400 -0.6272 -0.6427
vn 0.8287 -0.3621 -0.4268
vn 0.9953 -0.0000 -0.0965
vn 0.8953 0.3621 0.2596
vn 0.5553 0.6272 0.5462
vn 0.0706 0.7683 0.6362
vn -0.4358 0.6654 0.6061
vn -0.8255 0.3842 0.4136
vn -0.9939 0.0000 0.1102
vn -0.8960 -0.3842 -0.2226
vn -0.5581 -0.6654 -0.4958
vn -0.0706 -0.7683 -0.6362
vn 0.4358 -0.6654 -0.6061
vn 0.8255 -0.3842 -0.4136
vn 0.9939 -0.0000 -0.1102
vn 0.8960 0.3842 0.2226
vn 0.5581 0.6654 0.4958
vn 0.0549 0.8184 0.5720
vn -0.4502 0.7087 0.5432
vn -0.8346 0.4092 0.3687
vn -0.9954 0.0000 0.0955
vn -0.8895 -0.4092 -0.2033
vn -0.5453 -0.7087 -0.4476
vn -0.0549 -0.8184 -0.5720
vn 0.4502 -0.7087 -0.5432
vn 0.8346 -0.4092 -0.3687
vn 0.9954 -0.0000 -0.0955
vn 0.8895 0.4092 0.2033
vn 0.5453 0.7087 0.4476
vn 0.0272 0.8678 0.4962
vn -0.4757 0.7515 0.4571
vn -0.8511 0.4339 0.2955
vn -0.9985 0.0000 0.0548
vn -0.8783 -0.4339 -0.2006
vn -0.5228 -0.7515 -0.4023
vn -0.0272 -0.8678 -0.4962
vn 0.4757 -0.7515 -0.4571
vn 0.8511 -0.4339 -0.2955
vn 0.9985 -0.0000 -0.0548
vn 0.8783 0.4339 0.2006
vn 0.5228 0.7515 0.4023
vn -0.0033 0.9118 0.4107
vn -0.5028 0.7896 0.3517
vn -0.8676 0.4559 0.1985
vn -1.0000 0.0000 -0.0080
vn -0.8644 -0.4559 -0.2123
vn -0.4972 -0.7896 -0.3597
vn 0.0033 -0.9118 -0.4107
vn 0.5028 -0.7896 -0.3517
vn 0.8676 -0.4559 -0.1985
vn 1.0000 -0.0000 0.0080
vn 0.8644 0.4559 0.2123
vn 0.4972 0.7896 0.3597
vn -0.0283 0.9474 0.3188
vn -0.5225 0.8205 0.2319
vn -0.8768 0.4737 0.0828
vn -0.9961 0.0000 -0.0884
vn -0.8485 -0.4737 -0.2360
vn -0.4735 -0.8205 -0.3203
vn 0.0283 -0.9474 -0.3188
vn 0.5225 -0.8205 -0.2319
vn 0.8768 -0.4737 -0.0828
vn 0.9961 -0.0000 0.0884
vn 0.8485 0.4737 0.2360
vn 0.4735 0.8205 0.3203
vn -0.0417 0.9736 0.2245
vn -0.5277 0.8431 0.1032
vn -0.8723 0.4868 -0.0458
vn -0.9832 0.0000 -0.1825
vn -0.8307 -0.4868 -0.2703
vn -0.4555 -0.8431 -0.2857
vn 0.0417 -0.9736 -0.2245
vn 0.5277 -0.8431 -0.1032
vn 0.8723 -0.4868 0.0458
vn 0.9832 -0.0000 0.1825
vn 0.8307 0.4868 0.2703
vn 0.4555 0.8431 0.2857
vn -0.0397 0.9903 0.1329
vn -0.5135 0.8577 -0.0279
vn -0.8497 0.4952 -0.1813
vn -0.9582 0.0000 -0.2861
vn -0.8100 -0.4952 -0.3142
vn -0.4447 -0.8577 -0.2582
vn 0.0397 -0.9903 -0.1329
vn 0.5135 -0.8577 0.0279
vn 0.8497 -0.4952 0.1813
vn 0.9582 -0.0000 0.2861
vn 0.8100 0.4952 0.3142
vn 0.4447 0.8577 0.2582
vn -0.0212 0.9986 0.0492
vn -0.4776 0.8648 -0.1551
vn -0.8060 0.4993 -0.3178
vn -0.9185 0.0000 -0.3953
vn -0.7849 -0.4993 -0.3670
vn -0.4409 -0.8648 -0.2402
vn 0.0212 -0.9986 -0.0492
vn 0.4776 -0.8648 0.1551
vn 0.8060 -0.4993 0.3178
vn 0.9185 -0.0000 0.3953
vn 0.7849 0.4993 0.3670
vn 0.4409 0.8648 0.2402
vn 0.0130 0.9997 -0.0221
vn -0.4199 0.8657 -0.2723
vn -0.7403 0.4998 -0.4495
vn -0.8623 0.0000 -0.5063
vn -0.7533 -0.4998 -0.4274
vn -0.4424 -0.8657 -0.2340
vn -0.0130 -0.9997 0.0221
vn 0.4199 -0.8657 0.2723
vn 0.7403 -0.4998 0.4495
vn 0.8623 -0.0000 0.5063
vn 0.7533 0.4998 0.4274
vn 0.4424 0.8657 0.2340
vn 0.0600 0.9952 -0.0770
vn -0.3423 0.8619 -0.3742
vn -0.6529 0.4976 -0.5711
vn -0.7885 0.0000 -0.6150
vn -0.7129 -0.4976 -0.4941
vn -0.4463 -0.8619 -0.2408
vn -0.0600 -0.9952 0.0770
vn 0.3423 -0.8619 0.3742
vn 0.6529 -0.4976 0.5711
vn 0.7885 -0.0000 0.6150
vn 0.7129 0.4976 0.4941
vn 0.4463 0.8619 0.2408
vn 0.1161 0.9868 -0.1128
vn -0.2478 0.8546 -0.4563
vn -0.5454 0.4934 -0.6776
vn -0.6968 0.0000 -0.7173
vn -0.6615 -0.4934 -0.5648
vn -0.4490 -0.8546 -0.2609
vn -0.1161 -0.9868 0.1128
vn 0.2478 -0.8546 0.4563
vn 0.5454 -0.4934 0.6776
vn 0.6968 -0.0000 0.7173
vn 0.6615 0.4934 0.5648
vn 0.4490 0.8546 0.2609
vn 0.1766 0.9759 -0.1283
vn -0.1408 0.8451 -0.5156
vn -0.4206 0.4879 -0.7649
vn -0.5876 0.0000 -0.8092
vn -0.5972 -0.4879 -0.6366
vn -0.4467 -0.8451 -0.2935
vn -0.1766 -0.9759 0.1283
vn 0.1408 -0.8451 0.5156
vn 0.4206 -0.4879 0.7649
vn 0.5876 -0.0000 0.8092
vn 0.5972 0.4879 0.6366
vn 0.4467 0.8451 0.2935
vn 0.2365 0.9638 -0.1233
vn -0.0263 0.8347 -0.5501
vn -0.2821 0.4819 -0.8296
vn -0.4623 0.0000 -0.8867
vn -0.5186 -0.4819 -0.7063
vn -0.4360 -0.8347 -0.3366
vn -0.2365 -0.9638 0.1233
vn 0.0263 -0.8347 0.5501
vn 0.2821 -0.4819 0.8296
vn 0.4623 -0.0000 0.8867
vn 0.5186 0.4819 0.7063
vn 0.4360 0.8347 0.3366
vn 0.2909 0.9516 -0.0993
vn 0.0904 0.8241 -0.5592
vn -0.1343 0.4758 -0.8692
vn -0.3231 0.0000 -0.9464
vn -0.4252 -0.4758 -0.7699
vn -0.4135 -0.8241 -0.3872
vn -0.2909 -0.9516 0.0993
vn -0.0904 -0.8241 0.5592
vn 0.1343 -0.4758 0.8692
vn 0.3231 -0.0000 0.9464
vn 0.4252 0.4758 0.7699
vn 0.4135 0.8241 0.3872
vn 0.3355 0.9402 -0.0589
vn 0.2041 0.8142 -0.5435
vn 0.0179 0.4701 -0.8824
vn -0.1730 0.0000 -0.9849
vn -0.3176 -0.4701 -0.8235
vn -0.3770 -0.8142 -0.4414
vn -0.3355 -0.9402 0.0589
vn -0.2041 -0.8142 0.5435
vn -0.0179 -0.4701 0.8824
vn 0.1730 -0.0000 0.9849
vn 0.3176 0.4701 0.8235
vn 0.3770 0.8142 0.4414
vn 0.3666 0.9304 -0.0058
vn 0.3095 0.8057 -0.5050
vn 0.1695 0.4652 -0.8688
vn -0.0159 0.0000 -0.9999
vn -0.1970 -0.4652 -0.8630
vn -0.3254 -0.8057 -0.4949
vn -0.3666 -0.9304 0.0058
vn -0.3095 -0.8057 0.5050
vn -0.1695 -0.4652 0.8688
vn 0.0159 -0.0000 0.9999
vn 0.1970 0.4652 0.8630
vn 0.3254 0.8057 0.4949
vn 0.3816 0.9227 0.0555
vn 0.4024 0.7991 -0.4467
vn 0.3154 0.4613 -0.8293
vn 0.1439 0.0000 -0.9896
vn -0.0661 -0.4613 -0.8848
vn -0.2585 -0.7991 -0.5429
vn -0.3816 -0.9227 -0.0555
vn -0.4024 -0.7991 0.4467
vn -0.3154 -0.4613 0.8293
vn -0.1439 -0.0000 0.9896
vn 0.0661 0.4613 0.8848
vn 0.2585 0.7991 0.5429
vn 0.3792 0.9175 0.1200
vn 0.4792 0.7946 -0.3728
vn 0.4508 0.4587 -0.7657
vn 0.3016 0.0000 -0.9534
vn 0.0716 -0.4587 -0.8857
vn -0.1776 -0.7946 -0.5806
vn -0.3792 -0.9175 -0.1200
vn -0.4792 -0.7946 0.3728
vn -0.4508 -0.4587 0.7657
vn -0.3016 -0.0000 0.9534
vn -0.0716 0.4587 0.8857
vn 0.1776 0.7946 0.5806
vn 0.3597 0.9151 0.1824
vn 0.5376 0.7925 -0.2880
vn 0.5715 0.4575 -0.6812
vn 0.4522 0.0000 -0.8919
vn 0.2118 -0.4575 -0.8636
vn -0.0854 -0.7925 -0.6039
vn -0.3597 -0.9151 -0.1824
vn -0.5376 -0.7925 0.2880
vn -0.5715 -0.4575 0.6812
vn -0.4522 -0.0000 0.8919
vn -0.2118 0.4575 0.8636
vn 0.0854 0.7925 0.6039
vn 0.3244 0.9156 0.2377
vn 0.5765 0.7929 -0.1975
vn 0.6740 0.4578 -0.5797
vn 0.5910 0.0000 -0.8067
vn 0.3496 -0.4578 -0.8174
vn 0.0146 -0.7929 -0.6092
vn -0.3244 -0.9156 -0.2377
vn -0.5765 -0.7929 0.1975
vn -0.6740 -0.4578 0.5797
vn -0.5910 -0.0000 0.8067
vn -0.3496 0.4578 0.8174
vn -0.0146 0.7929 0.6092
vn 0.2762 0.9189 0.2816
vn 0.5961 0.7958 -0.1063
vn 0.7563 0.4595 -0.4657
vn 0.7138 0.0000 -0.7003
vn 0.4801 -0.4595 -0.7473
vn 0.1177 -0.7958 -0.5940
vn -0.2762 -0.9189 -0.2816
vn -0.5961 -0.7958 0.1063
vn -0.7563 -0.4595 0.4657
vn -0.7138 -0.0000 0.7003
vn -0.4801 0.4595 0.7473
vn -0.1177 0.7958 0.5940
vn 0.2191 0.9250 0.3105
vn 0.5983 0.8011 -0.0193
vn 0.8172 0.4625 -0.3440
vn 0.8171 0.0000 -0.5765
vn 0.5981 -0.4625 -0.6545
vn 0.2188 -0.8011 -0.5572
vn -0.2191 -0.9250 -0.3105
vn -0.5983 -0.8011 0.0193
vn -0.8172 -0.4625 0.3440
vn -0.8171 -0.0000 0.5765
vn -0.5981 0.4625 0.6545
vn -0.2188 0.8011 0.5572
vn 0.1576 0.9334 0.3223
vn 0.5856 0.8084 0.0595
vn 0.8568 0.4667 -0.2193
vn 0.8984 0.0000 -0.4393
vn 0.6992 -0.4667 -0.5416
vn 0.3127 -0.8084 -0.4987
vn -0.1576 -0.9334 -0.3223
vn -0.5856 -0.8084 -0.0595
vn -0.8568 -0.4667 0.2193
vn -0.8984 -0.0000 0.4393
vn -0.6992 0.4667 0.5416
vn -0.3127 0.8084 0.4987
vn 0.0969 0.9438 0.3158
vn 0.5619 0.8174 0.1269
vn 0.8764 0.4719 -0.0961
vn 0.9560 0.0000 -0.2933
vn 0.7795 -0.4719 -0.4119
vn 0.3941 -0.8174 -0.4202
vn -0.0969 -0.9438 -0.3158
vn -0.5619 -0.8174 -0.1269
vn -0.8764 -0.4719 0.0961
vn -0.9560 -0.0000 0.2933
vn -0.7795 0.4719 0.4119
vn -0.3941 0.8174 0.4202
vn 0.0422 0.9556 0.2917
vn 0.5314 0.8276 0.1810
vn 0.8782 0.4778 0.0218
vn 0.9897 0.0000 -0.1432
vn 0.8360 -0.4778 -0.2698
vn 0.4583 -0.8276 -0.3242
vn -0.0422 -0.9556 -0.2917
vn -0.5314 -0.8276 -0.1810
vn -0.8782 -0.4778 -0.0218
vn -0.9897 -0.0000 0.1432
vn -0.8360 0.4778 0.2698
vn -0.4583 0.8276 0.3242
vn -0.0017 0.9679 0.2514
vn 0.4985 0.8382 0.2210
vn 0.8652 0.4839 0.1314
vn 1.0000 0.0000 0.0066
vn 0.8668 -0.4839 -0.1200
vn 0.5014 -0.8382 -0.2144
vn 0.0017 -0.9679 -0.2514
vn -0.4985 -0.8382 -0.2210
vn -0.8652 -0.4839 -0.1314
vn -1.0000 -0.0000 -0.0066
vn -0.8668 0.4839 0.1200
vn -0.5014 0.8382 0.2144
vn -0.0305 0.9797 0.1980
vn 0.4678 0.8485 0.2475
vn 0.8407 0.4899 0.2307
vn 0.9884 0.0000 0.1520
vn 0.8712 -0.4899 0.0327
vn 0.5206 -0.8485 -0.0955
vn 0.0305 -0.9797 -0.1980
vn -0.4678 -0.8485 -0.2475
vn -0.8407 -0.4899 -0.2307
vn -0.9884 -0.0000 -0.1520
vn -0.8712 0.4899 -0.0327
vn -0.5206 0.8485 0.0955
vn -0.0409 0.9900 0.1353
vn 0.4431 0.8573 0.2620
vn 0.8085 0.4950 0.3184
vn 0.9572 0.0000 0.2896
vn 0.8494 -0.4950 0.1831
vn 0.5140 -0.8573 0.0276
vn 0.0409 -0.9900 -0.1353
vn -0.4431 -0.8573 -0.2620
vn -0.8085 -0.4950 -0.3184
vn -0.9572 -0.0000 -0.2896
vn -0.8494 0.4950 -0.1831
vn -0.5140 0.8573 -0.0276
vn -0.0310 0.9972 0.0677
vn 0.4278 0.8636 0.2668
vn 0.7719 0.4986 0.3944
vn 0.9092 0.0000 0.4163
vn 0.8029 -0.4986 0.3267
vn 0.4815 -0.8636 0.1495
vn 0.0310 -0.9972 -0.0677
vn -0.4278 -0.8636 -0.2668
vn -0.7719 -0.4986 -0.3944
vn -0.9092 -0.0000 -0.4163
vn -0.8029 0.4986 -0.3267
vn -0.4815 0.8636 -0.1495
vn 0.0000 1.0000 0.0000
vn 0.4240 0.8660 0.2650
vn 0.7344 0.5000 0.4590
vn 0.8480 0.0000 0.5300
vn 0.7344 -0.5000 0.4590
vn 0.4240 -0.8660 0.2650
vn 0.0000 -1.0000 0.0000
vn -0.4240 -0.8660 -0.2650
vn -0.7344 -0.5000 -0.4590
vn -0.8480 -0.0000 -0.5300
vn -0.7344 0.5000 -0.4590
vn -0.4240 0.8660 -0.2650
vn 0.0512 0.9967 -0.0632
vn 0.4329 0.8632 0.2599
vn 0.6987 0.4983 0.5133
vn 0.7773 0.0000 0.6292
vn 0.6475 -0.4983 0.5765
vn 0.3443 -0.8632 0.3693
vn -0.0512 -0.9967 0.0632
vn -0.4329 -0.8632 -0.2599
vn -0.6987 -0.4983 -0.5133
vn -0.7773 -0.0000 -0.6292
vn -0.6475 0.4983 -0.5765
vn -0.3443 0.8632 -0.3693
vn 0.1199 0.9858 -0.1179
vn 0.4544 0.8537 0.2544
vn 0.6672 0.4929 0.5585
vn 0.7012 0.0000 0.7130
vn 0.5472 -0.4929 0.6765
vn 0.2467 -0.8537 0.4586
vn -0.1199 -0.9858 0.1179
vn -0.4544 -0.8537 -0.2544
vn -0.6672 -0.4929 -0.5585
vn -0.7012 -0.0000 -0.7130
vn -0.5472 0.4929 -0.6765
vn -0.2467 0.8537 -0.4586
vn 0.2022 0.9659 -0.1615
vn 0.4872 0.8365 0.2508
vn 0.6416 0.4830 0.5959
vn 0.6241 0.0000 0.7813
vn 0.4394 -0.4830 0.7574
vn 0.1369 -0.8365 0.5306
vn -0.2022 -0.9659 0.1615
vn -0.4872 -0.8365 -0.2508
vn -0.6416 -0.4830 -0.5959
vn -0.6241 -0.0000 -0.7813
vn -0.4394 0.4830 -0.7574
vn -0.1369 0.8365 -0.5306
vn 0.2925 0.9365 -0.1931
vn 0.5288 0.8111 0.2500
vn 0.6234 0.4683 0.6262
vn 0.5510 0.0000 0.8345
vn 0.3309 -0.4683 0.8193
vn 0.0221 -0.8111 0.5845
vn -0.2925 -0.9365 0.1931
vn -0.5288 -0.8111 -0.2500
vn -0.6234 -0.4683 -0.6262
vn -0.5510 -0.0000 -0.8345
vn -0.3309 0.4683 -0.8193
vn -0.0221 0.8111 -0.5845
vn 0.3845 0.8979 -0.2143
vn 0.5764 0.7776 0.2512
vn 0.6139 0.4490 0.6493
vn 0.4868 0.0000 0.8735
vn 0.2294 -0.4490 0.8636
vn -0.0895 -0.7776 0.6223
vn -0.3845 -0.8979 0.2143
vn -0.5764 -0.7776 -0.2512
vn -0.6139 -0.4490 -0.6493
vn -0.4868 -0.0000 -0.8735
vn -0.2294 0.4490 -0.8636
vn 0.0895 0.7776 -0.6223
vn 0.4712 0.8517 -0.2291
vn 0.6267 0.7376 0.2513
vn 0.6143 0.4259 0.6643
vn 0.4372 0.0000 0.8993
vn 0.1430 -0.4259 0.8934
vn -0.1895 -0.7376 0.6481
vn -0.4712 -0.8517 0.2291
vn -0.6267 -0.7376 -0.2513
vn -0.6143 -0.4259 -0.6643
vn -0.4372 -0.0000 -0.8993
vn -0.1430 0.4259 -0.8934
vn 0.1895 0.7376 -0.6481
vn 0.5461 0.8015 -0.2438
vn 0.6767 0.6941 0.2454
vn 0.6261 0.4007 0.6689
vn 0.4077 0.0000 0.9131
vn 0.0800 -0.4007 0.9127
vn -0.2691 -0.6941 0.6677
vn -0.5461 -0.8015 0.2438
vn -0.6767 -0.6941 -0.2454
vn -0.6261 -0.4007 -0.6689
vn -0.4077 -0.0000 -0.9131
vn -0.0800 0.4007 -0.9127
vn 0.2691 0.6941 -0.6677
vn 0.6027 0.7526 -0.2652
vn 0.7234 0.6518 0.2280
vn 0.6502 0.3763 0.6601
vn 0.4028 0.0000 0.9153
vn 0.0474 -0.3763 0.9253
vn -0.3206 -0.6518 0.6873
vn -0.6027 -0.7526 0.2652
vn -0.7234 -0.6518 -0.2280
vn -0.6502 -0.3763 -0.6601
vn -0.4028 -0.0000 -0.9153
vn -0.0474 0.3763 -0.9253
vn 0.3206 0.6518 -0.6873
vn 0.6359 0.7121 -0.2976
vn 0.7626 0.6167 0.1952
vn 0.6850 0.3560 0.6356
vn 0.4238 0.0000 0.9057
vn 0.0491 -0.3560 0.9332
vn -0.3388 -0.6167 0.7106
vn -0.6359 -0.7121 0.2976
vn -0.7626 -0.6167 -0.1952
vn -0.6850 -0.3560 -0.6356
vn -0.4238 -0.0000 -0.9057
vn -0.0491 0.3560 -0.9332
vn 0.3388 0.6167 -0.7106
vn 0.6427 0.6873 -0.3385
vn 0.7896 0.5952 0.1492
vn 0.7249 0.3437 0.5970
vn 0.4660 0.0000 0.8848
vn 0.0822 -0.3437 0.9355
vn -0.3236 -0.5952 0.7355
vn -0.6427 -0.6873 0.3385
vn -0.7896 -0.5952 -0.1492
vn -0.7249 -0.3437 -0.5970
vn -0.4660 -0.0000 -0.8848
vn -0.0822 0.3437 -0.9355
vn 0.3236 0.5952 -0.7355
vn 0.6248 0.6836 -0.3774
vn 0.7996 0.5920 0.1012
vn 0.7601 0.3418 0.5526
vn 0.5170 0.0000 0.8560
vn 0.1354 -0.3418 0.9300
vn -0.2826 -0.5920 0.7548
vn -0.6248 -0.6836 0.3774
vn -0.7996 -0.5920 -0.1012
vn -0.7601 -0.3418 -0.5526
vn -0.5170 -0.0000 -0.8560
vn -0.1354 0.3418 -0.9300
vn 0.2826 0.5920 -0.7548
vn 0.5896 0.7017 -0.3999
vn 0.7913 0.6077 0.0674
vn 0.7810 0.3509 0.5167
vn 0.5614 0.0000 0.8276
vn 0.1914 -0.3509 0.9167
vn -0.2299 -0.6077 0.7601
vn -0.5896 -0.7017 0.3999
vn -0.7913 -0.6077 -0.0674
vn -0.7810 -0.3509 -0.5167
vn -0.5614 -0.0000 -0.8276
vn -0.1914 0.3509 -0.9167
vn 0.2299 0.6077 -0.7601
vn 0.5462 0.7378 -0.3966
vn 0.7668 0.6389 0.0611
vn 0.7820 0.3689 0.5024
vn 0.5876 0.0000 0.8092
vn 0.2357 -0.3689 0.8991
vn -0.1793 -0.6389 0.7481
vn -0.5462 -0.7378 0.3966
vn -0.7668 -0.6389 -0.0611
vn -0.7820 -0.3689 -0.5024
vn -0.5876 -0.0000 -0.8092
vn -0.2357 0.3689 -0.8991
vn 0.1793 0.6389 -0.7481
vn 0.5000 0.7847 -0.3663
vn 0.7285 0.6796 0.0861
vn 0.7618 0.3924 0.5155
vn 0.5910 0.0000 0.8067
vn 0.2618 -0.3924 0.8818
vn -0.1376 -0.6796 0.7206
vn -0.5000 -0.7847 0.3663
vn -0.7285 -0.6796 -0.0861
vn -0.7618 -0.3924 -0.5155
vn -0.5910 -0.0000 -0.8067
vn -0.2618 0.3924 -0.8818
vn 0.1376 0.6796 -0.7206
vn 0.4513 0.8352 -0.3143
vn 0.6766 0.7233 0.1381
vn 0.7206 0.4176 0.5535
vn 0.5715 0.0000 0.8206
vn 0.2693 -0.4176 0.8678
vn -0.1051 -0.7233 0.6825
vn -0.4513 -0.8352 0.3143
vn -0.6766 -0.7233 -0.1381
vn -0.7206 -0.4176 -0.5535
vn -0.5715 -0.0000 -0.8206
vn -0.2693 0.4176 -0.8678
vn 0.1051 0.7233 -0.6825
vn 0.3974 0.8832 -0.2490
vn 0.6096 0.7649 0.2081
vn 0.6585 0.4416 0.6094
vn 0.5309 0.0000 0.8474
vn 0.2611 -0.4416 0.8584
vn -0.0787 -0.7649 0.6393
vn -0.3974 -0.8832 0.2490
vn -0.6096 -0.7649 -0.2081
vn -0.6585 -0.4416 -0.6094
vn -0.5309 -0.0000 -0.8474
vn -0.2611 0.4416 -0.8584
vn 0.0787 0.7649 -0.6393
vn 0.3359 0.9246 -0.1794
vn 0.5265 0.8008 0.2857
vn 0.5760 0.4623 0.6742
vn 0.4711 0.0000 0.8821
vn 0.2401 -0.4623 0.8536
vn -0.0553 -0.8008 0.5964
vn -0.3359 -0.9246 0.1794
vn -0.5265 -0.8008 -0.2857
vn -0.5760 -0.4623 -0.6742
vn -0.4711 -0.0000 -0.8821
vn -0.2401 0.4623 -0.8536
vn 0.0553 0.8008 -0.5964
vn 0.2660 0.9572 -0.1140
vn 0.4273 0.8290 0.3609
vn 0.4741 0.4786 0.7390
vn 0.3939 0.0000 0.9192
vn 0.2081 -0.4786 0.8530
vn -0.0334 -0.8290 0.5583
vn -0.2660 -0.9572 0.1140
vn -0.4273 -0.8290 -0.3609
vn -0.4741 -0.4786 -0.7390
vn -0.3939 -0.0000 -0.9192
vn -0.2081 0.4786 -0.8530
vn 0.0334 0.8290 -0.5583
vn 0.1889 0.9802 -0.0596
vn 0.3141 0.8489 0.4252
vn 0.3552 0.4901 0.7960
vn 0.3010 0.0000 0.9536
vn 0.1662 -0.4901 0.8557
vn -0.0131 -0.8489 0.5285
vn -0.1889 -0.9802 0.0596
vn -0.3141 -0.8489 -0.4252
vn -0.3552 -0.4901 -0.7960
vn -0.3010 -0.0000 -0.9536
vn -0.1662 0.4901 -0.8557
vn 0.0131 0.8489 -0.5285
vn 0.1076 0.9940 -0.0213
vn 0.1904 0.8608 0.4720
vn 0.2222 0.4970 0.8388
vn 0.1944 0.0000 0.9809
vn 0.1146 -0.4970 0.8602
vn 0.0040 -0.8608 0.5089
vn -0.1076 -0.9940 0.0213
vn -0.1904 -0.8608 -0.4720
vn -0.2222 -0.4970 -0.8388
vn -0.1944 -0.0000 -0.9809
vn -0.1146 0.4970 -0.8602
vn -0.0040 0.8608 -0.5089
vn 0.0263 0.9997 -0.0020
vn 0.0610 0.8657 0.4968
vn 0.0793 0.4998 0.8625
vn 0.0764 0.0000 0.9971
vn 0.0530 -0.4998 0.8645
vn 0.0154 -0.8657 0.5003
vn -0.0263 -0.9997 0.0020
vn -0.0610 -0.8657 -0.4968
vn -0.0793 -0.4998 -0.8625
vn -0.0764 -0.0000 -0.9971
vn -0.0530 0.4998 -0.8645
vn -0.0154 0.8657 -0.5003
vn -0.0504 0.9987 -0.0025
vn -0.0688 0.8649 0.4972
vn -0.0688 0.4994 0.8637
vn -0.0504 0.0000 0.9987
vn -0.0184 -0.4994 0.8662
vn 0.0184 -0.8649 0.5016
vn 0.0504 -0.9987 0.0025
vn 0.0688 -0.8649 -0.4972
vn 0.0688 -0.4994 -0.8637
vn 0.0504 -0.0000 -0.9987
vn 0.0184 0.4994 -0.8662
vn -0.0184 0.8649 -0.5016
vn -0.1179 0.9928 -0.0219
vn -0.1936 0.8598 0.4726
vn -0.2174 0.4964 0.8404
vn -0.1829 0.0000 0.9831
vn -0.0995 -0.4964 0.8624
vn 0.0106 -0.8598 0.5106
vn 0.1179 -0.9928 0.0219
vn 0.1936 -0.8598 -0.4726
vn 0.2174 -0.4964 -0.8404
vn 0.1829 -0.0000 -0.9831
vn 0.0995 0.4964 -0.8624
vn -0.0106 0.8598 -0.5106
vn -0.1722 0.9834 -0.0577
vn -0.3080 0.8516 0.4241
vn -0.3613 0.4917 0.7923
vn -0.3177 0.0000 0.9482
vn -0.1891 -0.4917 0.8500
vn -0.0098 -0.8516 0.5241
vn 0.1722 -0.9834 0.0577
vn 0.3080 -0.8516 -0.4241
vn 0.3613 -0.4917 -0.7923
vn 0.3177 -0.0000 -0.9482
vn 0.1891 0.4917 -0.8500
vn 0.0098 0.8516 -0.5241
vn -0.2100 0.9719 -0.1061
vn -0.4073 0.8417 0.3544
vn -0.4955 0.4860 0.7199
vn -0.4509 0.0000 0.8926
vn -0.2855 -0.4860 0.8260
vn -0.0436 -0.8417 0.5382
vn 0.2100 -0.9719 0.1061
vn 0.4073 -0.8417 -0.3544
vn 0.4955 -0.4860 -0.7199
vn 0.4509 -0.0000 -0.8926
vn 0.2855 0.4860 -0.8260
vn 0.0436 0.8417 -0.5382
vn -0.2293 0.9597 -0.1626
vn -0.4878 0.8311 0.2671
vn -0.6156 0.4798 0.6252
vn -0.5784 0.0000 0.8158
vn -0.3862 -0.4798 0.7878
vn -0.0906 -0.8311 0.5487
vn 0.2293 -0.9597 0.1626
vn 0.4878 -0.8311 -0.2671
vn 0.6156 -0.4798 -0.6252
vn 0.5784 -0.0000 -0.8158
vn 0.3862 0.4798 -0.7878
vn 0.0906 0.8311 -0.5487
vn -0.2293 0.9477 -0.2222
vn -0.5465 0.8207 0.1667
vn -0.7173 0.4738 0.5109
vn -0.6958 0.0000 0.7182
vn -0.4879 -0.4738 0.7331
vn -0.1493 -0.8207 0.5515
vn 0.2293 -0.9477 0.2222
vn 0.5465 -0.8207 -0.1667
vn 0.7173 -0.4738 -0.5109
vn 0.6958 -0.0000 -0.7182
vn 0.4879 0.4738 -0.7331
vn 0.1493 0.8207 -0.5515
vn -0.2105 0.9367 -0.2797
vn -0.5818 0.8112 0.0584
vn -0.7972 0.4684 0.3808
vn -0.7990 0.0000 0.6013
vn -0.5867 -0.4684 0.6606
vn -0.2172 -0.8112 0.5429
vn 0.2105 -0.9367 0.2797
vn 0.5818 -0.8112 -0.0584
vn 0.7972 -0.4684 -0.3808
vn 0.7990 -0.0000 -0.6013
vn 0.5867 0.4684 -0.6606
vn 0.2172 0.8112 -0.5429
vn -0.1746 0.9275 -0.3304
vn -0.5933 0.8033 -0.0525
vn -0.8530 0.4638 0.2395
vn -0.8841 0.0000 0.4673
vn -0.6783 -0.4638 0.5699
vn -0.2908 -0.8033 0.5198
vn 0.1746 -0.9275 0.3304
vn 0.5933 -0.8033 0.0525
vn 0.8530 -0.4638 -0.2395
vn 0.8841 -0.0000 -0.4673
vn 0.6783 0.4638 -0.5699
vn 0.2908 0.8033 -0.5198
vn -0.1248 0.9206 -0.3699
vn -0.5818 0.7973 -0.1605
vn -0.8830 0.4603 0.0918
vn -0.9475 0.0000 0.3196
vn -0.7582 -0.4603 0.4618
vn -0.3657 -0.7973 0.4802
vn 0.1248 -0.9206 0.3699
vn 0.5818 -0.7973 0.1605
vn 0.8830 -0.4603 -0.0918
vn 0.9475 -0.0000 -0.3196
vn 0.7582 0.4603 -0.4618
vn 0.3657 0.7973 -0.4802
vn -0.0650 0.9164 -0.3950
vn -0.5496 0.7936 -0.2610
vn -0.8870 0.4582 -0.0570
vn -0.9867 0.0000 0.1623
vn -0.8221 -0.4582 0.3381
vn -0.4371 -0.7936 0.4233
vn 0.0650 -0.9164 0.3950
vn 0.5496 -0.7936 0.2610
vn 0.8870 -0.4582 0.0570
vn 0.9867 -0.0000 -0.1623
vn 0.8221 0.4582 -0.3381
vn 0.4371 0.7936 -0.4233
f 1//1 13//13 14//14 2//2
f 2//2 14//14 15//15 3//3
f 3//3 15//15 16//16 4//4
f 4//4 16//16 17//17 5//5
f 5//5 17//17 18//18 6//6
f 6//6 18//18 19//19 7//7
f 7//7 19//19 20//20 8//8
f 8//8 20//20 21//21 9//9
f 9//9 21//21 22//22 10//10
f 10//10 22//22 23//23 11//11
f 11//11 23//23 24//24 12//12
f 12//12 24//24 13//13 1//1
f 13//13 25//25 26//26 14//14
f 14//14 26//26 27//27 15//15
f 15//15 27//27 28//28 16//16
f 16//16 28//28 29//29 17//17
f 17//17 29//29 30//30 18//18
f 18//18 30//30 31//31 19//19
f 19//19 31//31 32//32 20//20
f 20//20 32//32 33//33 21//21
f 21//21 33//33 34//34 22//22
f 22//22 34//34 35//35 23//23
f 23//23 35//35 36//36 24//24
f 24//24 36//36 25//25 13//13
f 25//25 37//37 38//38 26//26
f 26//26 38//38 39//39 27//27
f 27//27 39//39 40//40 28//28
f 28//28 40//40 41//41 29//29
f 29//29 41//41 42//42 30//30
f 30//30 42//42 43//43 31//31
f 31//31 43//43 44//44 32//32
f 32//32 44//44 45//45 33//33
f 33//33 45//45 46//46 34//34
f 34//34 46//46 47//47 35//35
f 35//35 47//47 48//48 36//36
f 36//36 48//48 37//37 25//25
f 37//37 49//49 50//50 38//38
f 38//38 50//50 51//51 39//39
f 39//39 51//51 52//52 40//40
f 40//40 52//52 53//53 41//41
f 41//41 53//53 54//54 42//42
f 42//42 54//54 55//55 43//43
f 43//43 55//55 56//56 44//44
f 44//44 56//56 57//57 45//45
f 45//45 57//57 58//58 46//46
f 46//46 58//58 59//59 47//47
f 47//47 59//59 60//60 48//48
f 48//48 60//60 49//49 37//37
f 49//49 61//61 62//62 50//50
f 50//50 62//62 63//63 51//51
f 51//51 63//63 64//64 52//52
f 52//52 64//64 65//65 53//53
f 53//53 65//65 66//66 54//54
f 54//54 66//66 67//67 55//55
f 55//55 67//67 68//68 56//56
f 56//56 68//68 69//69 57//57
f 57//57 69//69 70//70 58//58
f 58//58 70//70 71//71 59//59
f 59//59 71//71 72//72 60//60
f 60//60 72//72 61//61 49//49
f 61//61 73//73 74//74 62//62
f 62//62 74//74 75//75 63//63
f 63//63 75//75 76//76 64//64
f 64//64 76//76 77//77 65//65
f 65//65 77//77 78//78 66//66
f 66//66 78//78 79//79 67//67
f 67//67 79//79 80//80 68//68
f 68//68 80//80 81//81 69//69
f 69//69 81//81 82//82 70//70
f 70//70 82//82 83//83 71//71
f 71//71 83//83 84//84 72//72
f 72//72 84//84 73//73 61//61
f 73//73 85//85 86//86 74//74
f 74//74 86//86 87//87 75//75
f 75//75 87//87 88//88 76//76
f 76//76 88//88 89//89 77//77
f 77//77 89//89 90//90 78//78
f 78//78 90//90 91//91 79//79
f 79//79 91//91 92//92 80//80
f 80//80 92//92 93//93 81//81
f 81//81 93//93 94//94 82//82
f 82//82 94//94 95//95 83//83
f 83//83 95//95 96//96 84//84
f 84//84 96//96 85//85 73//73
f 85//85 97//97 98//98 86//86
f 86//86 98//98 99//99 87//87
f 87//87 99//99 100//100 88//88
f 88//88 100//100 101//101 89//89
f 89//89 101//101 102//102 90//90
f 90//90 102//102 103//103 91//91
f 91//91 103//103 104//104 92//92
f 92//92 104//104 105//105 93//93
f 93//93 105//105 106//106 94//94
f 94//94 106//106 107//107 95//95
f 95//95 107//107 108//108 96//96
f 96//96 108//108 97//97 85//85
f 97//97 109//109 110//110 98//98
f 98//98 110//110 111//111 99//99
f 99//99 111//111 112//112 100//100
f 100//100 112//112 113//113 101//101
f 101//101 113//113 114//114 102//102
f 102//102 114//114 115//115 103//103
f 103//103 115//115 116//116 104//104
f 104//104 116//116 117//117 105//105
f 105//105 117//117 118//118 106//106
f 106//106 118//118 119//119 107//107
f 107//107 119//119 120//120 108//108
f 108//108 120//120 109//109 97//97
f 109//109 121//121 122//122 110//110
f 110//110 122//122 123//123 111//111
f 111//111 123//123 124//124 112//112
f 112//112 124//124 125//125 113//113
f 113//113 125//125 126//126 114//114
f 114//114 126//126 127//127 115//115
f 115//115 127//127 128//128 116//116
f 116//116 128//128 129//129 117//117
f 117//117 129//129 130//130 118//118
f 118//118 130//130 131//131 119//119
f 119//119 131//131 132//132 120//120
f 120//120 132//132 121//121 109//109
f 121//121 133//133 134//134 122//122
f 122//122 134//134 135//135 123//123
f 123//123 135//135 136//136 124//124
f 124//124 136//136 137//137 125//125
f 125//125 137//137 138//138 126//126
f 126//126 138//138 139//139 127//127
f 127//127 139//139 140//140 128//128
f 128//128 140//140 141//141 129//129
f 129//129 141//141 142//142 130//130
f 130//130 142//142 143//143 131//131
f 131//131 143//143 144//144 132//132
f 132//132 144//144 133//133 121//121
f 133//133 145//145 146//146 134//134
f 134//134 146//146 147//147 135//135
f 135//135 147//147 148//148 136//136
f 136//136 148//148 149//149 137//137
f 137//137 149//149 150//150 138//138
f 138//138 150//150 151//151 139//139
f 139//139 151//151 152//152 140//140
f 140//140 152//152 153//153 141//141
f 141//141 153//153 154//154 142//142
f 142//142 154//154 155//155 143//143
f 143//143 155//155 156//156 144//144
f 144//144 156//156 145//145 133//133
f 145//145 157//157 158//158 146//146
f 146//146 158//158 159//159 147//147
f 147//147 159//159 160//160 148//148
f 148//148 160//160 161//161 149//149
f 149//149 161//161 162//162 150//150
f 150//150 162//162 163//163 151//151
f 151//151 163//163 164//164 152//152
f 152//152 164//164 165//165 153//153
f 153//153 165//165 166//166 154//154
f 154//154 166//166 167//167 155//155
f 155//155 167//167 168//168 156//156
f 156//156 168//168 157//157 145//145
f 157//157 169//169 170//170 158//158
f 158//158 170//170 171//171 159//159
f 159//159 171//171 172//172 160//160
f 160//160 172//172 173//173 161//161
f 161//161 173//173 174//174 162//162
f 162//162 174//174 175//175 163//163
f 163//163 175//175 176//176 164//164
f 164//164 176//176 177//177 165//165
f 165//165 177//177 178//178 166//166
f 166//166 178//178 179//179 167//167
f 167//167 179//179 180//180 168//168
f 168//168 180//180 169//169 157//157
f 169//169 181//181 182//182 170//170
f 170//170 182//182 183//183 171//171
f 171//171 183//183 184//184 172//172
f 172//172 184//184 185//185 173//173
f 173//173 185//185 186//186 174//174
f 174//174 186//186 187//187 175//175
f 175//175 187//187 188//188 176//176
f 176//176 188//188 189//189 177//177
f 177//177 189//189 190//190 178//178
f 178//178 190//190 191//191 179//179
f 179//179 191//191 192//192 180//180
f 180//180 192//192 181//181 169//169
f 181//181 193//193 194//194 182//182
f 182//182 194//194 195//195 183//183
f 183//183 195//195 196//196 184//184
f 184//184 196//196 197//197 185//185
f 185//185 197//197 198//198 186//186
f 186//186 198//198 199//199 187//187
f 187//187 199//199 200//200 188//188
f 188//188 200//200 201//201 189//189
f 189//189 201//201 202//202 190//190
f 190//190 202//202 203//203 191//191
f 191//191 203//203 204//204 192//192
f 192//192 204//204 193//193 181//181
f 193//193 205//205 206//206 194//194
f 194//194 206//206 207//207 195//195
f 195//195 207//207 208//208 196//196
f 196//196 208//208 209//209 197//197
f 197//197 209//209 210//210 198//198
f 198//198 210//210 211//211 199//199
f 199//199 211//211 212//212 200//200
f 200//200 212//212 213//213 201//201
f 201//201 213//213 214//214 202//202
f 202//202 214//214 215//215 203//203
f 203//203 215//215 216//216 204//204
f 204//204 216//216 205//205 193//193
f 205//205 217//217 218//218 206//206
f 206//206 218//218 219//219 207//207
f 207//207 219//219 220//220 208//208
f 208//208 220//220 221//221 209//209
f 209//209 221//221 222//222 210//210
f 210//210 222//222 223//223 211//211
f 211//211 223//223 224//224 212//212
f 212//212 224//224 225//225 213//213
f 213//213 225//225 226//226 214//214
f 214//214 226//226 227//227 215//215
f 215//215 227//227 228//228 216//216
f 216//216 228//228 217//217 205//205
f 217//217 229//229 230//230 218//218
f 218//218 230//230 231//231 219//219
f 219//219 231//231 232//232 220//220
f 220//220 232//232 233//233 221//221
f 221//221 233//233 234//234 222//222
f 222//222 234//234 235//235 223//223
f 223//223 235//235 236//236 224//224
f 224//224 236//236 237//237 225//225
f 225//225 237//237 238//238 226//226
f 226//226 238//238 239//239 227//227
f 227//227 239//239 240//240 228//228
f 228//228 240//240 229//229 217//217
f 229//229 241//241 242//242 230//230
f 230//230 242//242 243//243 231//231
f 231//231 243//243 244//244 232//232
f 232//232 244//244 245//245 233//233
f 233//233 245//245 246//246 234//234
f 234//234 246//246 247//247 235//235
f 235//235 247//247 248//248 236//236
f 236//236 248//248 249//249 237//237
f 237//237 249//249 250//250 238//238
f 238//238 250//250 251//251 239//239
f 239//239 251//251 252//252 240//240
f 240//240 252//252 241//241 229//229
f 241//241 253//253 254//254 242//242
f 242//242 254//254 255//255 243//243
f 243//243 255//255 256//256 244//244
f 244//244 256//256 257//257 245//245
f 245//245 257//257 258//258 246//246
f 246//246 258//258 259//259 247//247
f 247//247 259//259 260//260 248//248
f 248//248 260//260 261//261 249//249
f 249//249 261//261 262//262 250//250
f 250//250 262//262 263//263 251//251
f 251//251 263//263 264//264 252//252
f 252//252 264//264 253//253 241//241
f 253//253 265//265 266//266 254//254
f 254//254 266//266 267//267 255//255
f 255//255 267//267 268//268 256//256
f 256//256 268//268 269//269 257//257
f 257//257 269//269 270//270 258//258
f 258//258 270//270 271//271 259//259
f 259//259 271//271 272//272 260//260
f 260//260 272//272 273//273 261//261
f 261//261 273//273 274//274 262//262
f 262//262 274//274 275//275 263//263
f 263//263 275//275 276//276 264//264
f 264//264 276//276 265//265 253//253
f 265//265 277//277 278//278 266//266
f 266//266 278//278 279//279 267//267
f 267//267 279//279 280//280 268//268
f 268//268 280//280 281//281 269//269
f 269//269 281//281 282//282 270//270
f 270//270 282//282 283//283 271//271
f 271//271 283//283 284//284 272//272
f 272//272 284//284 285//285 273//273
f 273//273 285//285 286//286 274//274
f 274//274 286//286 287//287 275//275
f 275//275 287//287 288//288 276//276
f 276//276 288//288 277//277 265//265
f 277//277 289//289 290//290 278//278
f 278//278 290//290 291//291 279//279
f 279//279 291//291 292//292 280//280
f 280//280 292//292 293//293 281//281
f 281//281 293//293 294//294 282//282
f 282//282 294//294 295//295 283//283
f 283//283 295//295 296//296 284//284
f 284//284 296//296 297//297 285//285
f 285//285 297//297 298//298 286//286
f 286//286 298//298 299//299 287//287
f 287//287 299//299 300//300 288//288
f 288//288 300//300 289//289 277//277
f 289//289 301//301 302//302 290//290
f 290//290 302//302 303//303 291//291
f 291//291 303//303 304//304 292//292
f 292//292 304//304 305//305 293//293
f 293//293 305//305 306//306 294//294
f 294//294 306//306 307//307 295//295
f 295//295 307//307 308//308 296//296
f 296//296 308//308 309//309 297//297
f 297//297 309//309 310//310 298//298
f 298//298 310//310 311//311 299//299
f 299//299 311//311 312//312 300//300
f 300//300 312//312 301//301 289//289
f 301//301 313//313 314//314 302//302
f 302//302 314//314 315//315 303//303
f 303//303 315//315 316//316 304//304
f 304//304 316//316 317//317 305//305
f 305//305 317//317 318//318 306//306
f 306//306 318//318 319//319 307//307
f 307//307 319//319 320//320 308//308
f 308//308 320//320 321//321 309//309
f 309//309 321//321 322//322 310//310
f 310//310 322//322 323//323 311//311
f 311//311 323//323 324//324 312//312
f 312//312 324//324 313//313 301//301
f 313//313 325//325 326//326 314//314
f 314//314 326//326 327//327 315//315
f 315//315 327//327 328//328 316//316
f 316//316 328//328 329//329 317//317
f 317//317 329//329 330//330 318//318
f 318//318 330//330 331//331 319//319
f 319//319 331//331 332//332 320//320
f 320//320 332//332 333//333 321//321
f 321//321 333//333 334//334 322//322
f 322//322 334//334 335//335 323//323
f 323//323 335//335 336//336 324//324
f 324//324 336//336 325//325 313//313
f 325//325 337//337 338//338 326//326
f 326//326 338//338 339//339 327//327
f 327//327 339//339 340//340 328//328
f 328//328 340//340 341//341 329//329
f 329//329 341//341 342//342 330//330
f 330//330 342//342 343//343 331//331
f 331//331 343//343 344//344 332//332
f 332//332 344//344 345//345 333//333
f 333//333 345//345 346//346 334//334
f 334//334 346//346 347//347 335//335
f 335//335 347//347 348//348 336//336
f 336//336 348//348 337//337 325//325
f 337//337 349//349 350//350 338//338
f 338//338 350//350 351//351 339//339
f 339//339 351//351 352//352 340//340
f 340//340 352//352 353//353 341//341
f 341//341 353//353 354//354 342//342
f 342//342 354//354 355//355 343//343
f 343//343 355//355 356//356 344//344
f 344//344 356//356 357//357 345//345
f 345//345 357//357 358//358 346//346
f 346//346 358//358 359//359 347//347
f 347//347 359//359 360//360 348//348
f 348//348 360//360 349//349 337//337
f 349//349 361//361 362//362 350//350
f 350//350 362//362 363//363 351//351
f 351//351 363//363 364//364 352//352
f 352//352 364//364 365//365 353//353
f 353//353 365//365 366//366 354//354
f 354//354 366//366 367//367 355//355
f 355//355 367//367 368//368 356//356
f 356//356 368//368 369//369 357//357
f 357//357 369//369 370//370 358//358
f 358//358 370//370 371//371 359//359
f 359//359 371//371 372//372 360//360
f 360//360 372//372 361//361 349//349
f 361//361 373//373 374//374 362//362
f 362//362 374//374 375//375 363//363
f 363//363 375//375 376//376 364//364
f 364//364 376//376 377//377 365//365
f 365//365 377//377 378//378 366//366
f 366//366 378//378 379//379 367//367
f 367//367 379//379 380//380 368//368
f 368//368 380//380 381//381 369//369
f 369//369 381//381 382//382 370//370
f 370//370 382//382 383//383 371//371
f 371//371 383//383 384//384 372//372
f 372//372 384//384 373//373 361//361
f 373//373 385//385 386//386 374//374
f 374//374 386//386 387//387 375//375
f 375//375 387//387 388//388 376//376
f 376//376 388//388 389//389 377//377
f 377//377 389//389 390//390 378//378
f 378//378 390//390 391//391 379//379
f 379//379 391//391 392//392 380//380
f 380//380 392//392 393//393 381//381
f 381//381 393//393 394//394 382//382
f 382//382 394//394 395//395 383//383
f 383//383 395//395 396//396 384//384
f 384//384 396//396 385//385 373//373
f 385//385 397//397 398//398 386//386
f 386//386 398//398 399//399 387//387
f 387//387 399//399 400//400 388//388
f 388//388 400//400 401//401 389//389
f 389//389 401//401 402//402 390//390
f 390//390 402//402 403//403 391//391
f 391//391 403//403 404//404 392//392
f 392//392 404//404 405//405 393//393
f 393//393 405//405 406//406 394//394
f 394//394 406//406 407//407 395//395
f 395//395 407//407 408//408 396//396
f 396//396 408//408 397//397 385//385
f 397//397 409//409 410//410 398//398
f 398//398 410//410 411//411 399//399
f 399//399 411//411 412//412 400//400
f 400//400 412//412 413//413 401//401
f 401//401 413//413 414//414 402//402
f 402//402 414//414 415//415 403//403
f 403//403 415//415 416//416 404//404
f 404//404 416//416 417//417 405//405
f 405//405 417//417 418//418 406//406
f 406//406 418//418 419//419 407//407
f 407//407 419//419 420//420 408//408
f 408//408 420//420 409//409 397//397
f 409//409 421//421 422//422 410//410
f 410//410 422//422 423//423 411//411
f 411//411 423//423 424//424 412//412
f 412//412 424//424 425//425 413//413
f 413//413 425//425 426//426 414//414
f 414//414 426//426 427//427 415//415
f 415//415 427//427 428//428 416//416
f 416//416 428//428 429//429 417//417
f 417//417 429//429 430//430 418//418
f 418//418 430//430 431//431 419//419
f 419//419 431//431 432//432 420//420
f 420//420 432//432 421//421 409//409
f 421//421 433//433 434//434 422//422
f 422//422 434//434 435//435 423//423
f 423//423 435//435 436//436 424//424
f 424//424 436//436 437//437 425//425
f 425//425 437//437 438//438 426//426
f 426//426 438//438 439//439 427//427
f 427//427 439//439 440//440 428//428
f 428//428 440//440 441//441 429//429
f 429//429 441//441 442//442 430//430
f 430//430 442//442 443//443 431//431
f 431//431 443//443 444//444 432//432
f 432//432 444//444 433//433 421//421
f 433//433 445//445 446//446 434//434
f 434//434 446//446 447//447 435//435
f 435//435 447//447 448//448 436//436
f 436//436 448//448 449//449 437//437
f 437//437 449//449 450//450 438//438
f 438//438 450//450 451//451 439//439
f 439//439 451//451 452//452 440//440
f 440//440 452//452 453//453 441//441
f 441//441 453//453 454//454 442//442
f 442//442 454//454 455//455 443//443
f 443//443 455//455 456//456 444//444
f 444//444 456//456 445//445 433//433
f 445//445 457//457 458//458 446//446
f 446//446 458//458 459//459 447//447
f 447//447 459//459 460//460 448//448
f 448//448 460//460 461//461 449//449
f 449//449 461//461 462//462 450//450
f 450//450 462//462 463//463 451//451
f 451//451 463//463 464//464 452//452
f 452//452 464//464 465//465 453//453
f 453//453 465//465 466//466 454//454
f 454//454 466//466 467//467 455//455
f 455//455 467//467 468//468 456//456
f 456//456 468//468 457//457 445//445
f 457//457 469//469 470//470 458//458
f 458//458 470//470 471//471 459//459
f 459//459 471//471 472//472 460//460
f 460//460 472//472 473//473 461//461
f 461//461 473//473 474//474 462//462
f 462//462 474//474 475//475 463//463
f 463//463 475//475 476//476 464//464
f 464//464 476//476 477//477 465//465
f 465//465 477//477 478//478 466//466
f 466//466 478//478 479//479 467//467
f 467//467 479//479 480//480 468//468
f 468//468 480//480 469//469 457//457
f 469//469 481//481 482//482 470//470
f 470//470 482//482 483//483 471//471
f 471//471 483//483 484//484 472//472
f 472//472 484//484 485//485 473//473
f 473//473 485//485 486//486 474//474
f 474//474 486//486 487//487 475//475
f 475//475 487//487 488//488 476//476
f 476//476 488//488 489//489 477//477
f 477//477 489//489 490//490 478//478
f 478//478 490//490 491//491 479//479
f 479//479 491//491 492//492 480//480
f 480//480 492//492 481//481 469//469
f 481//481 493//493 494//494 482//482
f 482//482 494//494 495//495 483//483
f 483//483 495//495 496//496 484//484
f 484//484 496//496 497//497 485//485
f 485//485 497//497 498//498 486//486
f 486//486 498//498 499//499 487//487
f 487//487 499//499 500//500 488//488
f 488//488 500//500 501//501 489//489
f 489//489 501//501 502//502 490//490
f 490//490 502//502 503//503 491//491
f 491//491 503//503 504//504 492//492
f 492//492 504//504 493//493 481//481
f 493//493 505//505 506//506 494//494
f 494//494 506//506 507//507 495//495
f 495//495 507//507 508//508 496//496
f 496//496 508//508 509//509 497//497
f 497//497 509//509 510//510 498//498
f 498//498 510//510 511//511 499//499
f 499//499 511//511 512//512 500//500
f 500//500 512//512 513//513 501//501
f 501//501 513//513 514//514 502//502
f 502//502 514//514 515//515 503//503
f 503//503 515//515 516//516 504//504
f 504//504 516//516 505//505 493//493
f 505//505 517//517 518//518 506//506
f 506//506 518//518 519//519 507//507
f 507//507 519//519 520//520 508//508
f 508//508 520//520 521//521 509//509
f 509//509 521//521 522//522 510//510
f 510//510 522//522 523//523 511//511
f 511//511 523//523 524//524 512//512
f 512//512 524//524 525//525 513//513
f 513//513 525//525 526//526 514//514
f 514//514 526//526 527//527 515//515
f 515//515 527//527 528//528 516//516
f 516//516 528//528 517//517 505//505
f 517//517 529//529 530//530 518//518
f 518//518 530//530 531//531 519//519
f 519//519 531//531 532//532 520//520
f 520//520 532//532 533//533 521//521
f 521//521 533//533 534//534 522//522
f 522//522 534//534 535//535 523//523
f 523//523 535//535 536//536 524//524
f 524//524 536//536 537//537 525//525
f 525//525 537//537 538//538 526//526
f 526//526 538//538 539//539 527//527
f 527//527 539//539 540//540 528//528
f 528//528 540//540 529//529 517//517
f 529//529 541//541 542//542 530//530
f 530//530 542//542 543//543 531//531
f 531//531 543//543 544//544 532//532
f 532//532 544//544 545//545 533//533
f 533//533 545//545 546//546 534//534
f 534//534 546//546 547//547 535//535
f 535//535 547//547 548//548 536//536
f 536//536 548//548 549//549 537//537
f 537//537 549//549 550//550 538//538
f 538//538 550//550 551//551 539//539
f 539//539 551//551 552//552 540//540
f 540//540 552//552 541//541 529//529
f 541//541 553//553 554//554 542//542
f 542//542 554//554 555//555 543//543
f 543//543 555//555 556//556 544//544
f 544//544 556//556 557//557 545//545
f 545//545 557//557 558//558 546//546
f 546//546 558//558 559//559 547//547
f 547//547 559//559 560//560 548//548
f 548//548 560//560 561//561 549//549
f 549//549 561//561 562//562 550//550
f 550//550 562//562 563//563 551//551
f 551//551 563//563 564//564 552//552
f 552//552 564//564 553//553 541//541
f 553//553 565//565 566//566 554//554
f 554//554 566//566 567//567 555//555
f 555//555 567//567 568//568 556//556
f 556//556 568//568 569//569 557//557
f 557//557 569//569 570//570 558//558
f 558//558 570//570 571//571 559//559
f 559//559 571//571 572//572 560//560
f 560//560 572//572 573//573 561//561
f 561//561 573//573 574//574 562//562
f 562//562 574//574 575//575 563//563
f 563//563 575//575 576//576 564//564
f 564//564 576//576 565//565 553//553
f 565//565 577//577 578//578 566//566
f 566//566 578//578 579//579 567//567
f 567//567 579//579 580//580 568//568
f 568//568 580//580 581//581 569//569
f 569//569 581//581 582//582 570//570
f 570//570 582//582 583//583 571//571
f 571//571 583//583 584//584 572//572
f 572//572 584//584 585//585 573//573
f 573//573 585//585 586//586 574//574
f 574//574 586//586 587//587 575//575
f 575//575 587//587 588//588 576//576
f 576//576 588//588 577//577 565//565
f 577//577 589//589 590//590 578//578
f 578//578 590//590 591//591 579//579
f 579//579 591//591 592//592 580//580
f 580//580 592//592 593//593 581//581
f 581//581 593//593 594//594 582//582
f 582//582 594//594 595//595 583//583
f 583//583 595//595 596//596 584//584
f 584//584 596//596 597//597 585//585
f 585//585 597//597 598//598 586//586
f 586//586 598//598 599//599 587//587
f 587//587 599//599 600//600 588//588
f 588//588 600//600 589//589 577//577
f 589//589 601//601 602//602 590//590
f 590//590 602//602 603//603 591//591
f 591//591 603//603 604//604 592//592
f 592//592 604//604 605//605 593//593
f 593//593 605//605 606//606 594//594
f 594//594 606//606 607//607 595//595
f 595//595 607//607 608//608 596//596
f 596//596 608//608 609//609 597//597
f 597//597 609//609 610//610 598//598
f 598//598 610//610 611//611 599//599
f 599//599 611//611 612//612 600//600
f 600//600 612//612 601//601 589//589
f 601//601 613//613 614//614 602//602
f 602//602 614//614 615//615 603//603
f 603//603 615//615 616//616 604//604
f 604//604 616//616 617//617 605//605
f 605//605 617//617 618//618 606//606
f 606//606 618//618 619//619 607//607
f 607//607 619//619 620//620 608//608
f 608//608 620//620 621//621 609//609
f 609//609 621//621 622//622 610//610
f 610//610 622//622 623//623 611//611
f 611//611 623//623 624//624 612//612
f 612//612 624//624 613//613 601//601
f 613//613 625//625 626//626 614//614
f 614//614 626//626 627//627 615//615
f 615//615 627//627 628//628 616//616
f 616//616 628//628 629//629 617//617
f 617//617 629//629 630//630 618//618
f 618//618 630//630 631//631 619//619
f 619//619 631//631 632//632 620//620
f 620//620 632//632 633//633 621//621
f 621//621 633//633 634//634 622//622
f 622//622 634//634 635//635 623//623
f 623//623 635//635 636//636 624//624
f 624//624 636//636 625//625 613//613
f 625//625 637//637 638//638 626//626
f 626//626 638//638 639//639 627//627
f 627//627 639//639 640//640 628//628
f 628//628 640//640 641//641 629//629
f 629//629 641//641 642//642 630//630
f 630//630 642//642 643//643 631//631
f 631//631 643//643 644//644 632//632
f 632//632 644//644 645//645 633//633
f 633//633 645//645 646//646 634//634
f 634//634 646//646 647//647 635//635
f 635//635 647//647 648//648 636//636
f 636//636 648//648 637//637 625//625
f 637//637 649//649 650//650 638//638
f 638//638 650//650 651//651 639//639
f 639//639 651//651 652//652 640//640
f 640//640 652//652 653//653 641//641
f 641//641 653//653 654//654 642//642
f 642//642 654//654 655//655 643//643
f 643//643 655//655 656//656 644//644
f 644//644 656//656 657//657 645//645
f 645//645 657//657 658//658 646//646
f 646//646 658//658 659//659 647//647
f 647//647 659//659 660//660 648//648
f 648//648 660//660 649//649 637//637
f 649//649 661//661 662//662 650//650
f 650//650 662//662 663//663 651//651
f 651//651 663//663 664//664 652//652
f 652//652 664//664 665//665 653//653
f 653//653 665//665 666//666 654//654
f 654//654 666//666 667//667 655//655
f 655//655 667//667 668//668 656//656
f 656//656 668//668 669//669 657//657
f 657//657 669//669 670//670 658//658
f 658//658 670//670 671//671 659//659
f 659//659 671//671 672//672 660//660
f 660//660 672//672 661//661 649//649
f 661//661 673//673 674//674 662//662
f 662//662 674//674 675//675 663//663
f 663//663 675//675 676//676 664//664
f 664//664 676//676 677//677 665//665
f 665//665 677//677 678//678 666//666
f 666//666 678//678 679//679 667//667
f 667//667 679//679 680//680 668//668
f 668//668 680//680 681//681 669//669
f 669//669 681//681 682//682 670//670
f 670//670 682//682 683//683 671//671
f 671//671 683//683 684//684 672//672
f 672//672 684//684 673//673 661//661
f 673//673 685//685 686//686 674//674
f 674//674 686//686 687//687 675//675
f 675//675 687//687 688//688 676//676
f 676//676 688//688 689//689 677//677
f 677//677 689//689 690//690 678//678
f 678//678 690//690 691//691 679//679
f 679//679 691//691 692//692 680//680
f 680//680 692//692 693//693 681//681
f 681//681 693//693 694//694 682//682
f 682//682 694//694 695//695 683//683
f 683//683 695//695 696//696 684//684
f 684//684 696//696 685//685 673//673
f 685//685 697//697 698//698 686//686
f 686//686 698//698 699//699 687//687
f 687//687 699//699 700//700 688//688
f 688//688 700//700 701//701 689//689
f 689//689 701//701 702//702 690//690
f 690//690 702//702 703//703 691//691
f 691//691 703//703 704//704 692//692
f 692//692 704//704 705//705 693//693
f 693//693 705//705 706//706 694//694
f 694//694 706//706 707//707 695//695
f 695//695 707//707 708//708 696//696
f 696//696 708//708 697//697 685//685
f 697//697 709//709 710//710 698//698
f 698//698 710//710 711//711 699//699
f 699//699 711//711 712//712 700//700
f 700//700 712//712 713//713 701//701
f 701//701 713//713 714//714 702//702
f 702//702 714//714 715//715 703//703
f 703//703 715//715 716//716 704//704
f 704//704 716//716 717//717 705//705
f 705//705 717//717 718//718 706//706
f 706//706 718//718 719//719 707//707
f 707//707 719//719 720//720 708//708
f 708//708 720//720 709//709 697//697
f 709//709 721//721 722//722 710//710
f 710//710 722//722 723//723 711//711
f 711//711 723//723 724//724 712//712
f 712//712 724//724 725//725 713//713
f 713//713 725//725 726//726 714//714
f 714//714 726//726 727//727 715//715
f 715//715 727//727 728//728 716//716
f 716//716 728//728 729//729 717//717
f 717//717 729//729 730//730 718//718
f 718//718 730//730 731//731 719//719
f 719//719 731//731 732//732 720//720
f 720//720 732//732 721//721 709//709
f 721//721 733//733 734//734 722//722
f 722//722 734//734 735//735 723//723
f 723//723 735//735 736//736 724//724
f 724//724 736//736 737//737 725//725
f 725//725 737//737 738//738 726//726
f 726//726 738//738 739//739 727//727
f 727//727 739//739 740//740 728//728
f 728//728 740//740 741//741 729//729
f 729//729 741//741 742//742 730//730
f 730//730 742//742 743//743 731//731
f 731//731 743//743 744//744 732//732
f 732//732 744//744 733//733 721//721
f 733//733 745//745 746//746 734//734
f 734//734 746//746 747//747 735//735
f 735//735 747//747 748//748 736//736
f 736//736 748//748 749//749 737//737
f 737//737 749//749 750//750 738//738
f 738//738 750//750 751//751 739//739
f 739//739 751//751 752//752 740//740
f 740//740 752//752 753//753 741//741
f 741//741 753//753 754//754 742//742
f 742//742 754//754 755//755 743//743
f 743//743 755//755 756//756 744//744
f 744//744 756//756 745//745 733//733
f 745//745 757//757 758//758 746//746
f 746//746 758//758 759//759 747//747
f 747//747 759//759 760//760 748//748
f 748//748 760//760 761//761 749//749
f 749//749 761//761 762//762 750//750
f 750//750 762//762 763//763 751//751
f 751//751 763//763 764//764 752//752
f 752//752 764//764 765//765 753//753
f 753//753 765//765 766//766 754//754
f 754//754 766//766 767//767 755//755
f 755//755 767//767 768//768 756//756
f 756//756 768//768 757//757 745//745
f 757//757 769//769 770//770 758//758
f 758//758 770//770 771//771 759//759
f 759//759 771//771 772//772 760//760
f 760//760 772//772 773//773 761//761
f 761//761 773//773 774//774 762//762
f 762//762 774//774 775//775 763//763
f 763//763 775//775 776//776 764//764
f 764//764 776//776 777//777 765//765
f 765//765 777//777 778//778 766//766
f 766//766 778//778 779//779 767//767
f 767//767 779//779 780//780 768//768
f 768//768 780//780 769//769 757//757
f 769//769 781//781 782//782 770//770
f 770//770 782//782 783//783 771//771
f 771//771 783//783 784//784 772//772
f 772//772 784//784 785//785 773//773
f 773//773 785//785 786//786 774//774
f 774//774 786//786 787//787 775//775
f 775//775 787//787 788//788 776//776
f 776//776 788//788 789//789 777//777
f 777//777 789//789 790//790 778//778
f 778//778 790//790 791//791 779//779
f 779//779 791//791 792//792 780//780
f 780//780 792//792 781//781 769//769
f 781//781 793//793 794//794 782//782
f 782//782 794//794 795//795 783//783
f 783//783 795//795 796//796 784//784
f 784//784 796//796 797//797 785//785
f 785//785 797//797 798//798 786//786
f 786//786 798//798 799//799 787//787
f 787//787 799//799 800//800 788//788
f 788//788 800//800 801//801 789//789
f 789//789 801//801 802//802 790//790
f 790//790 802//802 803//803 791//791
f 791//791 803//803 804//804 792//792
f 792//792 804//804 793//793 781//781
f 793//793 805//805 806//806 794//794
f 794//794 806//806 807//807 795//795
f 795//795 807//807 808//808 796//796
f 796//796 808//808 809//809 797//797
f 797//797 809//809 810//810 798//798
f 798//798 810//810 811//811 799//799
f 799//799 811//811 812//812 800//800
f 800//800 812//812 813//813 801//801
f 801//801 813//813 814//814 802//802
f 802//802 814//814 815//815 803//803
f 803//803 815//815 816//816 804//804
f 804//804 816//816 805//805 793//793
f 805//805 817//817 818//818 806//806
f 806//806 818//818 819//819 807//807
f 807//807 819//819 820//820 808//808
f 808//808 820//820 821//821 809//809
f 809//809 821//821 822//822 810//810
f 810//810 822//822 823//823 811//811
f 811//811 823//823 824//824 812//812
f 812//812 824//824 825//825 813//813
f 813//813 825//825 826//826 814//814
f 814//814 826//826 827//827 815//815
f 815//815 827//827 828//828 816//816
f 816//816 828//828 817//817 805//805
f 817//817 829//829 830//830 818//818
f 818//818 830//830 831//831 819//819
f 819//819 831//831 832//832 820//820
f 820//820 832//832 833//833 821//821
f 821//821 833//833 834//834 822//822
f 822//822 834//834 835//835 823//823
f 823//823 835//835 836//836 824//824
f 824//824 836//836 837//837 825//825
f 825//825 837//837 838//838 826//826
f 826//826 838//838 839//839 827//827
f 827//827 839//839 840//840 828//828
f 828//828 840//840 829//829 817//817
f 829//829 841//841 842//842 830//830
f 830//830 842//842 843//843 831//831
f 831//831 843//843 844//844 832//832
f 832//832 844//844 845//845 833//833
f 833//833 845//845 846//846 834//834
f 834//834 846//846 847//847 835//835
f 835//835 847//847 848//848 836//836
f 836//836 848//848 849//849 837//837
f 837//837 849//849 850//850 838//838
f 838//838 850//850 851//851 839//839
f 839//839 851//851 852//852 840//840
f 840//840 852//852 841//841 829//829
f 841//841 853//853 854//854 842//842
f 842//842 854//854 855//855 843//843
f 843//843 855//855 856//856 844//844
f 844//844 856//856 857//857 845//845
f 845//845 857//857 858//858 846//846
f 846//846 858//858 859//859 847//847
f 847//847 859//859 860//860 848//848
f 848//848 860//860 861//861 849//849
f 849//849 861//861 862//862 850//850
f 850//850 862//862 863//863 851//851
f 851//851 863//863 864//864 852//852
f 852//852 864//864 853//853 841//841
f 853//853 865//865 866//866 854//854
f 854//854 866//866 867//867 855//855
f 855//855 867//867 868//868 856//856
f 856//856 868//868 869//869 857//857
f 857//857 869//869 870//870 858//858
f 858//858 870//870 871//871 859//859
f 859//859 871//871 872//872 860//860
f 860//860 872//872 873//873 861//861
f 861//861 873//873 874//874 862//862
f 862//862 874//874 875//875 863//863
f 863//863 875//875 876//876 864//864
f 864//864 876//876 865//865 853//853
f 865//865 877//877 878//878 866//866
f 866//866 878//878 879//879 867//867
f 867//867 879//879 880//880 868//868
f 868//868 880//880 881//881 869//869
f 869//869 881//881 882//882 870//870
f 870//870 882//882 883//883 871//871
f 871//871 883//883 884//884 872//872
f 872//872 884//884 885//885 873//873
f 873//873 885//885 886//886 874//874
f 874//874 886//886 887//887 875//875
f 875//875 887//887 888//888 876//876
f 876//876 888//888 877//877 865//865
f 877//877 889//889 890//890 878//878
f 878//878 890//890 891//891 879//879
f 879//879 891//891 892//892 880//880
f 880//880 892//892 893//893 881//881
f 881//881 893//893 894//894 882//882
f 882//882 894//894 895//895 883//883
f 883//883 895//895 896//896 884//884
f 884//884 896//896 897//897 885//885
f 885//885 897//897 898//898 886//886
f 886//886 898//898 899//899 887//887
f 887//887 899//899 900//900 888//888
f 888//888 900//900 889//889 877//877
f 889//889 901//901 902//902 890//890
f 890//890 902//902 903//903 891//891
f 891//891 903//903 904//904 892//892
f 892//892 904//904 905//905 893//893
f 893//893 905//905 906//906 894//894
f 894//894 906//906 907//907 895//895
f 895//895 907//907 908//908 896//896
f 896//896 908//908 909//909 897//897
f 897//897 909//909 910//910 898//898
f 898//898 910//910 911//911 899//899
f 899//899 911//911 912//912 900//900
f 900//900 912//912 901//901 889//889
f 901//901 913//913 914//914 902//902
f 902//902 914//914 915//915 903//903
f 903//903 915//915 916//916 904//904
f 904//904 916//916 917//917 905//905
f 905//905 917//917 918//918 906//906
f 906//906 918//918 919//919 907//907
f 907//907 919//919 920//920 908//908
f 908//908 920//920 921//921 909//909
f 909//909 921//921 922//922 910//910
f 910//910 922//922 923//923 911//911
f 911//911 923//923 924//924 912//912
f 912//912 924//924 913//913 901//901
f 913//913 925//925 926//926 914//914
f 914//914 926//926 927//927 915//915
f 915//915 927//927 928//928 916//916
f 916//916 928//928 929//929 917//917
f 917//917 929//929 930//930 918//918
f 918//918 930//930 931//931 919//919
f 919//919 931//931 932//932 920//920
f 920//920 932//932 933//933 921//921
f 921//921 933//933 934//934 922//922
f 922//922 934//934 935//935 923//923
f 923//923 935//935 936//936 924//924
f 924//924 936//936 925//925 913//913
f 925//925 937//937 938//938 926//926
f 926//926 938//938 939//939 927//927
f 927//927 939//939 940//940 928//928
f 928//928 940//940 941//941 929//929
f 929//929 941//941 942//942 930//930
f 930//930 942//942 943//943 931//931
f 931//931 943//943 944//944 932//932
f 932//932 944//944 945//945 933//933
f 933//933 945//945 946//946 934//934
f 934//934 946//946 947//947 935//935
f 935//935 947//947 948//948 936//936
f 936//936 948//948 937//937 925//925
f 937//937 949//949 950//950 938//938
f 938//938 950//950 951//951 939//939
f 939//939 951//951 952//952 940//940
f 940//940 952//952 953//953 941//941
f 941//941 953//953 954//954 942//942
f 942//942 954//954 955//955 943//943
f 943//943 955//955 956//956 944//944
f 944//944 956//956 957//957 945//945
f 945//945 957//957 958//958 946//946
f 946//946 958//958 959//959 947//947
f 947//947 959//959 960//960 948//948
f 948//948 960//960 949//949 937//937
f 949//949 961//961 962//962 950//950
f 950//950 962//962 963//963 951//951
f 951//951 963//963 964//964 952//952
f 952//952 964//964 965//965 953//953
f 953//953 965//965 966//966 954//954
f 954//954 966//966 967//967 955//955
f 955//955 967//967 968//968 956//956
f 956//956 968//968 969//969 957//957
f 957//957 969//969 970//970 958//958
f 958//958 970//970 971//971 959//959
f 959//959 971//971 972//972 960//960
f 960//960 972//972 961//961 949//949
f 961//961 973//973 974//974 962//962
f 962//962 974//974 975//975 963//963
f 963//963 975//975 976//976 964//964
f 964//964 976//976 977//977 965//965
f 965//965 977//977 978//978 966//966
f 966//966 978//978 979//979 967//967
f 967//967 979//979 980//980 968//968
f 968//968 980//980 981//981 969//969
f 969//969 981//981 982//982 970//970
f 970//970 982//982 983//983 971//971
f 971//971 983//983 984//984 972//972
f 972//972 984//984 973//973 961//961
f 973//973 985//985 986//986 974//974
f 974//974 986//986 987//987 975//975
f 975//975 987//987 988//988 976//976
f 976//976 988//988 989//989 977//977
f 977//977 989//989 990//990 978//978
f 978//978 990//990 991//991 979//979
f 979//979 991//991 992//992 980//980
f 980//980 992//992 993//993 981//981
f 981//981 993//993 994//994 982//982
f 982//982 994//994 995//995 983//983
f 983//983 995//995 996//996 984//984
f 984//984 996//996 985//985 973//973
f 985//985 997//997 998//998 986//986
f 986//986 998//998 999//999 987//987
f 987//987 999//999 1000//1000 988//988
f 988//988 1000//1000 1001//1001 989//989
f 989//989 1001//1001 1002//1002 990//990
f 990//990 1002//1002 1003//1003 991//991
f 991//991 1003//1003 1004//1004 992//992
f 992//992 1004//1004 1005//1005 993//993
f 993//993 1005//1005 1006//1006 994//994
f 994//994 1006//1006 1007//1007 995//995
f 995//995 1007//1007 1008//1008 996//996
f 996//996 1008//1008 997//997 985//985
f 997//997 1009//1009 1010//1010 998//998
f 998//998 1010//1010 1011//1011 999//999
f 999//999 1011//1011 1012//1012 1000//1000
f 1000//1000 1012//1012 1013//1013 1001//1001
f 1001//1001 1013//1013 1014//1014 1002//1002
f 1002//1002 1014//1014 1015//1015 1003//1003
f 1003//1003 1015//1015 1016//1016 1004//1004
f 1004//1004 1016//1016 1017//1017 1005//1005
f 1005//1005 1017//1017 1018//1018 1006//1006
f 1006//1006 1018//1018 1019//1019 1007//1007
f 1007//1007 1019//1019 1020//1020 1008//1008
f 1008//1008 1020//1020 1009//1009 997//997
f 1009//1009 1021//1021 1022//1022 1010//1010
f 1010//1010 1022//1022 1023//1023 1011//1011
f 1011//1011 1023//1023 1024//1024 1012//1012
f 1012//1012 1024//1024 1025//1025 1013//1013
f 1013//1013 1025//1025 1026//1026 1014//1014
f 1014//1014 1026//1026 1027//1027 1015//1015
f 1015//1015 1027//1027 1028//1028 1016//1016
f 1016//1016 1028//1028 1029//1029 1017//1017
f 1017//1017 1029//1029 1030//1030 1018//1018
f 1018//1018 1030//1030 1031//1031 1019//1019
f 1019//1019 1031//1031 1032//1032 1020//1020
f 1020//1020 1032//1032 1021//1021 1009//1009
f 1021//1021 1033//1033 1034//1034 1022//1022
f 1022//1022 1034//1034 1035//1035 1023//1023
f 1023//1023 1035//1035 1036//1036 1024//1024
f 1024//1024 1036//1036 1037//1037 1025//1025
f 1025//1025 1037//1037 1038//1038 1026//1026
f 1026//1026 1038//1038 1039//1039 1027//1027
f 1027//1027 1039//1039 1040//1040 1028//1028
f 1028//1028 1040//1040 1041//1041 1029//1029
f 1029//1029 1041//1041 1042//1042 1030//1030
f 1030//1030 1042//1042 1043//1043 1031//1031
f 1031//1031 1043//1043 1044//1044 1032//1032
f 1032//1032 1044//1044 1033//1033 1021//1021
f 1033//1033 1045//1045 1046//1046 1034//1034
f 1034//1034 1046//1046 1047//1047 1035//1035
f 1035//1035 1047//1047 1048//1048 1036//1036
f 1036//1036 1048//1048 1049//1049 1037//1037
f 1037//1037 1049//1049 1050//1050 1038//1038
f 1038//1038 1050//1050 1051//1051 1039//1039
f 1039//1039 1051//1051 1052//1052 1040//1040
f 1040//1040 1052//1052 1053//1053 1041//1041
f 1041//1041 1053//1053 1054//1054 1042//1042
f 1042//1042 1054//1054 1055//1055 1043//1043
f 1043//1043 1055//1055 1056//1056 1044//1044
f 1044//1044 1056//1056 1045//1045 1033//1033
f 1045//1045 1057//1057 1058//1058 1046//1046
f 1046//1046 1058//1058 1059//1059 1047//1047
f 1047//1047 1059//1059 1060//1060 1048//1048
f 1048//1048 1060//1060 1061//1061 1049//1049
f 1049//1049 1061//1061 1062//1062 1050//1050
f 1050//1050 1062//1062 1063//1063 1051//1051
f 1051//1051 1063//1063 1064//1064 1052//1052
f 1052//1052 1064//1064 1065//1065 1053//1053
f 1053//1053 1065//1065 1066//1066 1054//1054
f 1054//1054 1066//1066 1067//1067 1055//1055
f 1055//1055 1067//1067 1068//1068 1056//1056
f 1056//1056 1068//1068 1057//1057 1045//1045
f 1057//1057 1069//1069 1070//1070 1058//1058
f 1058//1058 1070//1070 1071//1071 1059//1059
f 1059//1059 1071//1071 1072//1072 1060//1060
f 1060//1060 1072//1072 1073//1073 1061//1061
f 1061//1061 1073//1073 1074//1074 1062//1062
f 1062//1062 1074//1074 1075//1075 1063//1063
f 1063//1063 1075//1075 1076//1076 1064//1064
f 1064//1064 1076//1076 1077//1077 1065//1065
f 1065//1065 1077//1077 1078//1078 1066//1066
f 1066//1066 1078//1078 1079//1079 1067//1067
f 1067//1067 1079//1079 1080//1080 1068//1068
f 1068//1068 1080//1080 1069//1069 1057//1057
f 1069//1069 1081//1081 1082//1082 1070//1070
f 1070//1070 1082//1082 1083//1083 1071//1071
f 1071//1071 1083//1083 1084//1084 1072//1072
f 1072//1072 1084//1084 1085//1085 1073//1073
f 1073//1073 1085//1085 1086//1086 1074//1074
f 1074//1074 1086//1086 1087//1087 1075//1075
f 1075//1075 1087//1087 1088//1088 1076//1076
f 1076//1076 1088//1088 1089//1089 1077//1077
f 1077//1077 1089//1089 1090//1090 1078//1078
f 1078//1078 1090//1090 1091//1091 1079//1079
f 1079//1079 1091//1091 1092//1092 1080//1080
f 1080//1080 1092//1092 1081//1081 1069//1069
f 1081//1081 1093//1093 1094//1094 1082//1082
f 1082//1082 1094//1094 1095//1095 1083//1083
f 1083//1083 1095//1095 1096//1096 1084//1084
f 1084//1084 1096//1096 1097//1097 1085//1085
f 1085//1085 1097//1097 1098//1098 1086//1086
f 1086//1086 1098//1098 1099//1099 1087//1087
f 1087//1087 1099//1099 1100//1100 1088//1088
f 1088//1088 1100//1100 1101//1101 1089//1089
f 1089//1089 1101//1101 1102//1102 1090//1090
f 1090//1090 1102//1102 1103//1103 1091//1091
f 1091//1091 1103//1103 1104//1104 1092//1092
f 1092//1092 1104//1104 1093//1093 1081//1081
f 1093//1093 1105//1105 1106//1106 1094//1094
f 1094//1094 1106//1106 1107//1107 1095//1095
f 1095//1095 1107//1107 1108//1108 1096//1096
f 1096//1096 1108//1108 1109//1109 1097//1097
f 1097//1097 1109//1109 1110//1110 1098//1098
f 1098//1098 1110//1110 1111//1111 1099//1099
f 1099//1099 1111//1111 1112//1112 1100//1100
f 1100//1100 1112//1112 1113//1113 1101//1101
f 1101//1101 1113//1113 1114//1114 1102//1102
f 1102//1102 1114//1114 1115//1115 1103//1103
f 1103//1103 1115//1115 1116//1116 1104//1104
f 1104//1104 1116//1116 1105//1105 1093//1093
f 1105//1105 1117//1117 1118//1118 1106//1106
f 1106//1106 1118//1118 1119//1119 1107//1107
f 1107//1107 1119//1119 1120//1120 1108//1108
f 1108//1108 1120//1120 1121//1121 1109//1109
f 1109//1109 1121//1121 1122//1122 1110//1110
f 1110//1110 1122//1122 1123//1123 1111//1111
f 1111//1111 1123//1123 1124//1124 1112//1112
f 1112//1112 1124//1124 1125//1125 1113//1113
f 1113//1113 1125//1125 1126//1126 1114//1114
f 1114//1114 1126//1126 1127//1127 1115//1115
f 1115//1115 1127//1127 1128//1128 1116//1116
f 1116//1116 1128//1128 1117//1117 1105//1105
f 1117//1117 1129//1129 1130//1130 1118//1118
f 1118//1118 1130//1130 1131//1131 1119//1119
f 1119//1119 1131//1131 1132//1132 1120//1120
f 1120//1120 1132//1132 1133//1133 1121//1121
f 1121//1121 1133//1133 1134//1134 1122//1122
f 1122//1122 1134//1134 1135//1135 1123//1123
f 1123//1123 1135//1135 1136//1136 1124//1124
f 1124//1124 1136//1136 1137//1137 1125//1125
f 1125//1125 1137//1137 1138//1138 1126//1126
f 1126//1126 1138//1138 1139//1139 1127//1127
f 1127//1127 1139//1139 1140//1140 1128//1128
f 1128//1128 1140//1140 1129//1129 1117//1117
f 1129//1129 1141//1141 1142//1142 1130//1130
f 1130//1130 1142//1142 1143//1143 1131//1131
f 1131//1131 1143//1143 1144//1144 1132//1132
f 1132//1132 1144//1144 1145//1145 1133//1133
f 1133//1133 1145//1145 1146//1146 1134//1134
f 1134//1134 1146//1146 1147//1147 1135//1135
f 1135//1135 1147//1147 1148//1148 1136//1136
f 1136//1136 1148//1148 1149//1149 1137//1137
f 1137//1137 1149//1149 1150//1150 1138//1138
f 1138//1138 1150//1150 1151//1151 1139//1139
f 1139//1139 1151//1151 1152//1152 1140//1140
f 1140//1140 1152//1152 1141//1141 1129//1129
f 1141//1141 1153//1153 1154//1154 1142//1142
f 1142//1142 1154//1154 1155//1155 1143//1143
f 1143//1143 1155//1155 1156//1156 1144//1144
f 1144//1144 1156//1156 1157//1157 1145//1145
f 1145//1145 1157//1157 1158//1158 1146//1146
f 1146//1146 1158//1158 1159//1159 1147//1147
f 1147//1147 1159//1159 1160//1160 1148//1148
f 1148//1148 1160//1160 1161//1161 1149//1149
f 1149//1149 1161//1161 1162//1162 1150//1150
f 1150//1150 1162//1162 1163//1163 1151//1151
f 1151//1151 1163//1163 1164//1164 1152//1152
f 1152//1152 1164//1164 1153//1153 1141//1141
f 1153//1153 1165//1165 1166//1166 1154//1154
f 1154//1154 1166//1166 1167//1167 1155//1155
f 1155//1155 1167//1167 1168//1168 1156//1156
f 1156//1156 1168//1168 1169//1169 1157//1157
f 1157//1157 1169//1169 1170//1170 1158//1158
f 1158//1158 1170//1170 1171//1171 1159//1159
f 1159//1159 1171//1171 1172//1172 1160//1160
f 1160//1160 1172//1172 1173//1173 1161//1161
f 1161//1161 1173//1173 1174//1174 1162//1162
f 1162//1162 1174//1174 1175//1175 1163//1163
f 1163//1163 1175//1175 1176//1176 1164//1164
f 1164//1164 1176//1176 1165//1165 1153//1153
f 1165//1165 1177//1177 1178//1178 1166//1166
f 1166//1166 1178//1178 1179//1179 1167//1167
f 1167//1167 1179//1179 1180//1180 1168//1168
f 1168//1168 1180//1180 1181//1181 1169//1169
f 1169//1169 1181//1181 1182//1182 1170//1170
f 1170//1170 1182//1182 1183//1183 1171//1171
f 1171//1171 1183//1183 1184//1184 1172//1172
f 1172//1172 1184//1184 1185//1185 1173//1173
f 1173//1173 1185//1185 1186//1186 1174//1174
f 1174//1174 1186//1186 1187//1187 1175//1175
f 1175//1175 1187//1187 1188//1188 1176//1176
f 1176//1176 1188//1188 1177//1177 1165//1165
f 1177//1177 1189//1189 1190//1190 1178//1178
f 1178//1178 1190//1190 1191//1191 1179//1179
f 1179//1179 1191//1191 1192//1192 1180//1180
f 1180//1180 1192//1192 1193//1193 1181//1181
f 1181//1181 1193//1193 1194//1194 1182//1182
f 1182//1182 1194//1194 1195//1195 1183//1183
f 1183//1183 1195//1195 1196//1196 1184//1184
f 1184//1184 1196//1196 1197//1197 1185//1185
f 1185//1185 1197//1197 1198//1198 1186//1186
f 1186//1186 1198//1198 1199//1199 1187//1187
f 1187//1187 1199//1199 1200//1200 1188//1188
f 1188//1188 1200//1200 1189//1189 1177//1177
f 1189//1189 1201//1201 1202//1202 1190//1190
f 1190//1190 1202//1202 1203//1203 1191//1191
f 1191//1191 1203//1203 1204//1204 1192//1192
f 1192//1192 1204//1204 1205//1205 1193//1193
f 1193//1193 1205//1205 1206//1206 1194//1194
f 1194//1194 1206//1206 1207//1207 1195//1195
f 1195//1195 1207//1207 1208//1208 1196//1196
f 1196//1196 1208//1208 1209//1209 1197//1197
f 1197//1197 1209//1209 1210//1210 1198//1198
f 1198//1198 1210//1210 1211//1211 1199//1199
f 1199//1199 1211//1211 1212//1212 1200//1200
f 1200//1200 1212//1212 1201//1201 1189//1189
f 1201//1201 1213//1213 1214//1214 1202//1202
f 1202//1202 1214//1214 1215//1215 1203//1203
f 1203//1203 1215//1215 1216//1216 1204//1204
f 1204//1204 1216//1216 1217//1217 1205//1205
f 1205//1205 1217//1217 1218//1218 1206//1206
f 1206//1206 1218//1218 1219//1219 1207//1207
f 1207//1207 1219//1219 1220//1220 1208//1208
f 1208//1208 1220//1220 1221//1221 1209//1209
f 1209//1209 1221//1221 1222//1222 1210//1210
f 1210//1210 1222//1222 1223//1223 1211//1211
f 1211//1211 1223//1223 1224//1224 1212//1212
f 1212//1212 1224//1224 1213//1213 1201//1201
f 1213//1213 1225//1225 1226//1226 1214//1214
f 1214//1214 1226//1226 1227//1227 1215//1215
f 1215//1215 1227//1227 1228//1228 1216//1216
f 1216//1216 1228//1228 1229//1229 1217//1217
f 1217//1217 1229//1229 1230//1230 1218//1218
f 1218//1218 1230//1230 1231//1231 1219//1219
f 1219//1219 1231//1231 1232//1232 1220//1220
f 1220//1220 1232//1232 1233//1233 1221//1221
f 1221//1221 1233//1233 1234//1234 1222//1222
f 1222//1222 1234//1234 1235//1235 1223//1223
f 1223//1223 1235//1235 1236//1236 1224//1224
f 1224//1224 1236//1236 1225//1225 1213//1213
f 1225//1225 1237//1237 1238//1238 1226//1226
f 1226//1226 1238//1238 1239//1239 1227//1227
f 1227//1227 1239//1239 1240//1240 1228//1228
f 1228//1228 1240//1240 1241//1241 1229//1229
f 1229//1229 1241//1241 1242//1242 1230//1230
f 1230//1230 1242//1242 1243//1243 1231//1231
f 1231//1231 1243//1243 1244//1244 1232//1232
f 1232//1232 1244//1244 1245//1245 1233//1233
f 1233//1233 1245//1245 1246//1246 1234//1234
f 1234//1234 1246//1246 1247//1247 1235//1235
f 1235//1235 1247//1247 1248//1248 1236//1236
f 1236//1236 1248//1248 1237//1237 1225//1225
f 1237//1237 1249//1249 1250//1250 1238//1238
f 1238//1238 1250//1250 1251//1251 1239//1239
f 1239//1239 1251//1251 1252//1252 1240//1240
f 1240//1240 1252//1252 1253//1253 1241//1241
f 1241//1241 1253//1253 1254//1254 1242//1242
f 1242//1242 1254//1254 1255//1255 1243//1243
f 1243//1243 1255//1255 1256//1256 1244//1244
f 1244//1244 1256//1256 1257//1257 1245//1245
f 1245//1245 1257//1257 1258//1258 1246//1246
f 1246//1246 1258//1258 1259//1259 1247//1247
f 1247//1247 1259//1259 1260//1260 1248//1248
f 1248//1248 1260//1260 1249//1249 1237//1237
f 1249//1249 1261//1261 1262//1262 1250//1250
f 1250//1250 1262//1262 1263//1263 1251//1251
f 1251//1251 1263//1263 1264//1264 1252//1252
f 1252//1252 1264//1264 1265//1265 1253//1253
f 1253//1253 1265//1265 1266//1266 1254//1254
f 1254//1254 1266//1266 1267//1267 1255//1255
f 1255//1255 1267//1267 1268//1268 1256//1256
f 1256//1256 1268//1268 1269//1269 1257//1257
f 1257//1257 1269//1269 1270//1270 1258//1258
f 1258//1258 1270//1270 1271//1271 1259//1259
f 1259//1259 1271//1271 1272//1272 1260//1260
f 1260//1260 1272//1272 1261//1261 1249//1249
f 1261//1261 1273//1273 1274//1274 1262//1262
f 1262//1262 1274//1274 1275//1275 1263//1263
f 1263//1263 1275//1275 1276//1276 1264//1264
f 1264//1264 1276//1276 1277//1277 1265//1265
f 1265//1265 1277//1277 1278//1278 1266//1266
f 1266//1266 1278//1278 1279//1279 1267//1267
f 1267//1267 1279//1279 1280//1280 1268//1268
f 1268//1268 1280//1280 1281//1281 1269//1269
f 1269//1269 1281//1281 1282//1282 1270//1270
f 1270//1270 1282//1282 1283//1283 1271//1271
f 1271//1271 1283//1283 1284//1284 1272//1272
f 1272//1272 1284//1284 1273//1273 1261//1261
f 1273//1273 1285//1285 1286//1286 1274//1274
f 1274//1274 1286//1286 1287//1287 1275//1275
f 1275//1275 1287//1287 1288//1288 1276//1276
f 1276//1276 1288//1288 1289//1289 1277//1277
f 1277//1277 1289//1289 1290//1290 1278//1278
f 1278//1278 1290//1290 1291//1291 1279//1279
f 1279//1279 1291//1291 1292//1292 1280//1280
f 1280//1280 1292//1292 1293//1293 1281//1281
f 1281//1281 1293//1293 1294//1294 1282//1282
f 1282//1282 1294//1294 1295//1295 1283//1283
f 1283//1283 1295//1295 1296//1296 1284//1284
f 1284//1284 1296//1296 1285//1285 1273//1273
f 1285//1285 1297//1297 1298//1298 1286//1286
f 1286//1286 1298//1298 1299//1299 1287//1287
f 1287//1287 1299//1299 1300//1300 1288//1288
f 1288//1288 1300//1300 1301//1301 1289//1289
f 1289//1289 1301//1301 1302//1302 1290//1290
f 1290//1290 1302//1302 1303//1303 1291//1291
f 1291//1291 1303//1303 1304//1304 1292//1292
f 1292//1292 1304//1304 1305//1305 1293//1293
f 1293//1293 1305//1305 1306//1306 1294//1294
f 1294//1294 1306//1306 1307//1307 1295//1295
f 1295//1295 1307//1307 1308//1308 1296//1296
f 1296//1296 1308//1308 1297//1297 1285//1285
f 1297//1297 1309//1309 1310//1310 1298//1298
f 1298//1298 1310//1310 1311//1311 1299//1299
f 1299//1299 1311//1311 1312//1312 1300//1300
f 1300//1300 1312//1312 1313//1313 1301//1301
f 1301//1301 1313//1313 1314//1314 1302//1302
f 1302//1302 1314//1314 1315//1315 1303//1303
f 1303//1303 1315//1315 1316//1316 1304//1304
f 1304//1304 1316//1316 1317//1317 1305//1305
f 1305//1305 1317//1317 1318//1318 1306//1306
f 1306//1306 1318//1318 1319//1319 1307//1307
f 1307//1307 1319//1319 1320//1320 1308//1308
f 1308//1308 1320//1320 1309//1309 1297//1297
f 1309//1309 1321//1321 1322//1322 1310//1310
f 1310//1310 1322//1322 1323//1323 1311//1311
f 1311//1311 1323//1323 1324//1324 1312//1312
f 1312//1312 1324//1324 1325//1325 1313//1313
f 1313//1313 1325//1325 1326//1326 1314//1314
f 1314//1314 1326//1326 1327//1327 1315//1315
f 1315//1315 1327//1327 1328//1328 1316//1316
f 1316//1316 1328//1328 1329//1329 1317//1317
f 1317//1317 1329//1329 1330//1330 1318//1318
f 1318//1318 1330//1330 1331//1331 1319//1319
f 1319//1319 1331//1331 1332//1332 1320//1320
f 1320//1320 1332//1332 1321//1321 1309//1309
f 1321//1321 1333//1333 1334//1334 1322//1322
f 1322//1322 1334//1334 1335//1335 1323//1323
f 1323//1323 1335//1335 1336//1336 1324//1324
f 1324//1324 1336//1336 1337//1337 1325//1325
f 1325//1325 1337//1337 1338//1338 1326//1326
f 1326//1326 1338//1338 1339//1339 1327//1327
f 1327//1327 1339//1339 1340//1340 1328//1328
f 1328//1328 1340//1340 1341//1341 1329//1329
f 1329//1329 1341//1341 1342//1342 1330//1330
f 1330//1330 1342//1342 1343//1343 1331//1331
f 1331//1331 1343//1343 1344//1344 1332//1332
f 1332//1332 1344//1344 1333//1333 1321//1321
f 1333//1333 1345//1345 1346//1346 1334//1334
f 1334//1334 1346//1346 1347//1347 1335//1335
f 1335//1335 1347//1347 1348//1348 1336//1336
f 1336//1336 1348//1348 1349//1349 1337//1337
f 1337//1337 1349//1349 1350//1350 1338//1338
f 1338//1338 1350//1350 1351//1351 1339//1339
f 1339//1339 1351//1351 1352//1352 1340//1340
f 1340//1340 1352//1352 1353//1353 1341//1341
f 1341//1341 1353//1353 1354//1354 1342//1342
f 1342//1342 1354//1354 1355//1355 1343//1343
f 1343//1343 1355//1355 1356//1356 1344//1344
f 1344//1344 1356//1356 1345//1345 1333//1333
f 1345//1345 1357//1357 1358//1358 1346//1346
f 1346//1346 1358//1358 1359//1359 1347//1347
f 1347//1347 1359//1359 1360//1360 1348//1348
f 1348//1348 1360//1360 1361//1361 1349//1349
f 1349//1349 1361//1361 1362//1362 1350//1350
f 1350//1350 1362//1362 1363//1363 1351//1351
f 1351//1351 1363//1363 1364//1364 1352//1352
f 1352//1352 1364//1364 1365//1365 1353//1353
f 1353//1353 1365//1365 1366//1366 1354//1354
f 1354//1354 1366//1366 1367//1367 1355//1355
f 1355//1355 1367//1367 1368//1368 1356//1356
f 1356//1356 1368//1368 1357//1357 1345//1345
f 1357//1357 1369//1369 1370//1370 1358//1358
f 1358//1358 1370//1370 1371//1371 1359//1359
f 1359//1359 1371//1371 1372//1372 1360//1360
f 1360//1360 1372//1372 1373//1373 1361//1361
f 1361//1361 1373//1373 1374//1374 1362//1362
f 1362//1362 1374//1374 1375//1375 1363//1363
f 1363//1363 1375//1375 1376//1376 1364//1364
f 1364//1364 1376//1376 1377//1377 1365//1365
f 1365//1365 1377//1377 1378//1378 1366//1366
f 1366//1366 1378//1378 1379//1379 1367//1367
f 1367//1367 1379//1379 1380//1380 1368//1368
f 1368//1368 1380//1380 1369//1369 1357//1357
f 1369//1369 1381//1381 1382//1382 1370//1370
f 1370//1370 1382//1382 1383//1383 1371//1371
f 1371//1371 1383//1383 1384//1384 1372//1372
f 1372//1372 1384//1384 1385//1385 1373//1373
f 1373//1373 1385//1385 1386//1386 1374//1374
f 1374//1374 1386//1386 1387//1387 1375//1375
f 1375//1375 1387//1387 1388//1388 1376//1376
f 1376//1376 1388//1388 1389//1389 1377//1377
f 1377//1377 1389//1389 1390//1390 1378//1378
f 1378//1378 1390//1390 1391//1391 1379//1379
f 1379//1379 1391//1391 1392//1392 1380//1380
f 1380//1380 1392//1392 1381//1381 1369//1369
f 1381//1381 1393//1393 1394//1394 1382//1382
f 1382//1382 1394//1394 1395//1395 1383//1383
f 1383//1383 1395//1395 1396//1396 1384//1384
f 1384//1384 1396//1396 1397//1397 1385//1385
f 1385//1385 1397//1397 1398//1398 1386//1386
f 1386//1386 1398//1398 1399//1399 1387//1387
f 1387//1387 1399//1399 1400//1400 1388//1388
f 1388//1388 1400//1400 1401//1401 1389//1389
f 1389//1389 1401//1401 1402//1402 1390//1390
f 1390//1390 1402//1402 1403//1403 1391//1391
f 1391//1391 1403//1403 1404//1404 1392//1392
f 1392//1392 1404//1404 1393//1393 1381//1381
f 1393//1393 1405//1405 1406//1406 1394//1394
f 1394//1394 1406//1406 1407//1407 1395//1395
f 1395//1395 1407//1407 1408//1408 1396//1396
f 1396//1396 1408//1408 1409//1409 1397//1397
f 1397//1397 1409//1409 1410//1410 1398//1398
f 1398//1398 1410//1410 1411//1411 1399//1399
f 1399//1399 1411//1411 1412//1412 1400//1400
f 1400//1400 1412//1412 1413//1413 1401//1401
f 1401//1401 1413//1413 1414//1414 1402//1402
f 1402//1402 1414//1414 1415//1415 1403//1403
f 1403//1403 1415//1415 1416//1416 1404//1404
f 1404//1404 1416//1416 1405//1405 1393//1393
f 1405//1405 1417//1417 1418//1418 1406//1406
f 1406//1406 1418//1418 1419//1419 1407//1407
f 1407//1407 1419//1419 1420//1420 1408//1408
f 1408//1408 1420//1420 1421//1421 1409//1409
f 1409//1409 1421//1421 1422//1422 1410//1410
f 1410//1410 1422//1422 1423//1423 1411//1411
f 1411//1411 1423//1423 1424//1424 1412//1412
f 1412//1412 1424//1424 1425//1425 1413//1413
f 1413//1413 1425//1425 1426//1426 1414//1414
f 1414//1414 1426//1426 1427//1427 1415//1415
f 1415//1415 1427//1427 1428//1428 1416//1416
f 1416//1416 1428//1428 1417//1417 1405//1405
f 1417//1417 1429//1429 1430//1430 1418//1418
f 1418//1418 1430//1430 1431//1431 1419//1419
f 1419//1419 1431//1431 1432//1432 1420//1420
f 1420//1420 1432//1432 1433//1433 1421//1421
f 1421//1421 1433//1433 1434//1434 1422//1422
f 1422//1422 1434//1434 1435//1435 1423//1423
f 1423//1423 1435//1435 1436//1436 1424//1424
f 1424//1424 1436//1436 1437//1437 1425//1425
f 1425//1425 1437//1437 1438//1438 1426//1426
f 1426//1426 1438//1438 1439//1439 1427//1427
f 1427//1427 1439//1439 1440//1440 1428//1428
f 1428//1428 1440//1440 1429//1429 1417//1417
f 1429//1429 1441//1441 1442//1442 1430//1430
f 1430//1430 1442//1442 1443//1443 1431//1431
f 1431//1431 1443//1443 1444//1444 1432//1432
f 1432//1432 1444//1444 1445//1445 1433//1433
f 1433//1433 1445//1445 1446//1446 1434//1434
f 1434//1434 1446//1446 1447//1447 1435//1435
f 1435//1435 1447//1447 1448//1448 1436//1436
f 1436//1436 1448//1448 1449//1449 1437//1437
f 1437//1437 1449//1449 1450//1450 1438//1438
f 1438//1438 1450//1450 1451//1451 1439//1439
f 1439//1439 1451//1451 1452//1452 1440//1440
f 1440//1440 1452//1452 1441//1441 1429//1429
f 1441//1441 1453//1453 1454//1454 1442//1442
f 1442//1442 1454//1454 1455//1455 1443//1443
f 1443//1443 1455//1455 1456//1456 1444//1444
f 1444//1444 1456//1456 1457//1457 1445//1445
f 1445//1445 1457//1457 1458//1458 1446//1446
f 1446//1446 1458//1458 1459//1459 1447//1447
f 1447//1447 1459//1459 1460//1460 1448//1448
f 1448//1448 1460//1460 1461//1461 1449//1449
f 1449//1449 1461//1461 1462//1462 1450//1450
f 1450//1450 1462//1462 1463//1463 1451//1451
f 1451//1451 1463//1463 1464//1464 1452//1452
f 1452//1452 1464//1464 1453//1453 1441//1441
f 1453//1453 1465//1465 1466//1466 1454//1454
f 1454//1454 1466//1466 1467//1467 1455//1455
f 1455//1455 1467//1467 1468//1468 1456//1456
f 1456//1456 1468//1468 1469//1469 1457//1457
f 1457//1457 1469//1469 1470//1470 1458//1458
f 1458//1458 1470//1470 1471//1471 1459//1459
f 1459//1459 1471//1471 1472//1472 1460//1460
f 1460//1460 1472//1472 1473//1473 1461//1461
f 1461//1461 1473//1473 1474//1474 1462//1462
f 1462//1462 1474//1474 1475//1475 1463//1463
f 1463//1463 1475//1475 1476//1476 1464//1464
f 1464//1464 1476//1476 1465//1465 1453//1453
f 1465//1465 1477//1477 1478//1478 1466//1466
f 1466//1466 1478//1478 1479//1479 1467//1467
f 1467//1467 1479//1479 1480//1480 1468//1468
f 1468//1468 1480//1480 1481//1481 1469//1469
f 1469//1469 1481//1481 1482//1482 1470//1470
f 1470//1470 1482//1482 1483//1483 1471//1471
f 1471//1471 1483//1483 1484//1484 1472//1472
f 1472//1472 1484//1484 1485//1485 1473//1473
f 1473//1473 1485//1485 1486//1486 1474//1474
f 1474//1474 1486//1486 1487//1487 1475//1475
f 1475//1475 1487//1487 1488//1488 1476//1476
f 1476//1476 1488//1488 1477//1477 1465//1465
f 1477//1477 1489//1489 1490//1490 1478//1478
f 1478//1478 1490//1490 1491//1491 1479//1479
f 1479//1479 1491//1491 1492//1492 1480//1480
f 1480//1480 1492//1492 1493//1493 1481//1481
f 1481//1481 1493//1493 1494//1494 1482//1482
f 1482//1482 1494//1494 1495//1495 1483//1483
f 1483//1483 1495//1495 1496//1496 1484//1484
f 1484//1484 1496//1496 1497//1497 1485//1485
f 1485//1485 1497//1497 1498//1498 1486//1486
f 1486//1486 1498//1498 1499//1499 1487//1487
f 1487//1487 1499//1499 1500//1500 1488//1488
f 1488//1488 1500//1500 1489//1489 1477//1477
f 1489//1489 1501//1501 1502//1502 1490//1490
f 1490//1490 1502//1502 1503//1503 1491//1491
f 1491//1491 1503//1503 1504//1504 1492//1492
f 1492//1492 1504//1504 1505//1505 1493//1493
f 1493//1493 1505//1505 1506//1506 1494//1494
f 1494//1494 1506//1506 1507//1507 1495//1495
f 1495//1495 1507//1507 1508//1508 1496//1496
f 1496//1496 1508//1508 1509//1509 1497//1497
f 1497//1497 1509//1509 1510//1510 1498//1498
f 1498//1498 1510//1510 1511//1511 1499//1499
f 1499//1499 1511//1511 1512//1512 1500//1500
f 1500//1500 1512//1512 1501//1501 1489//1489
f 1501//1501 1513//1513 1514//1514 1502//1502
f 1502//1502 1514//1514 1515//1515 1503//1503
f 1503//1503 1515//1515 1516//1516 1504//1504
f 1504//1504 1516//1516 1517//1517 1505//1505
f 1505//1505 1517//1517 1518//1518 1506//1506
f 1506//1506 1518//1518 1519//1519 1507//1507
f 1507//1507 1519//1519 1520//1520 1508//1508
f 1508//1508 1520//1520 1521//1521 1509//1509
f 1509//1509 1521//1521 1522//1522 1510//1510
f 1510//1510 1522//1522 1523//1523 1511//1511
f 1511//1511 1523//1523 1524//1524 1512//1512
f 1512//1512 1524//1524 1513//1513 1501//1501
f 1513//1513 1525//1525 1526//1526 1514//1514
f 1514//1514 1526//1526 1527//1527 1515//1515
f 1515//1515 1527//1527 1528//1528 1516//1516
f 1516//1516 1528//1528 1529//1529 1517//1517
f 1517//1517 1529//1529 1530//1530 1518//1518
f 1518//1518 1530//1530 1531//1531 1519//1519
f 1519//1519 1531//1531 1532//1532 1520//1520
f 1520//1520 1532//1532 1533//1533 1521//1521
f 1521//1521 1533//1533 1534//1534 1522//1522
f 1522//1522 1534//1534 1535//1535 1523//1523
f 1523//1523 1535//1535 1536//1536 1524//1524
f 1524//1524 1536//1536 1525//1525 1513//1513
f 1525//1525 1//1 2//2 1526//1526
f 1526//1526 2//2 3//3 1527//1527
f 1527//1527 3//3 4//4 1528//1528
f 1528//1528 4//4 5//5 1529//1529
f 1529//1529 5//5 6//6 1530//1530
f 1530//1530 6//6 7//7 1531//1531
f 1531//1531 7//7 8//8 1532//1532
f 1532//1532 8//8 9//9 1533//1533
f 1533//1533 9//9 10//10 1534//1534
f 1534//1534 10//10 11//11 1535//1535
f 1535//1535 11//11 12//12 1536//1536
f 1536//1536 12//12 1//1 1525//1525
